,diabetes_prob
0,0.074
1,0.5565
2,0.83
3,0.423
4,0.159
5,0.039
6,0.098
7,0.104
8,0.215
9,0.562
10,0.19030000000000002
11,0.008
12,0.533
13,0.19
14,0.273
15,0.588
16,0.492
17,0.30119999999999997
18,0.03972142857142856
19,0.397
20,0.001
21,0.76025
22,0.4906666666666667
23,0.13
24,0.17591666666666664
25,0.01411904761904762
26,0.767
27,0.502
28,0.886
29,0.466
30,0.654
31,0.16733809523809537
32,0.036
33,0.457
34,0.14575
35,0.248
36,0.305
37,0.11028333333333333
38,0.757
39,0.4424166666666667
40,0.001
41,0.606
42,0.694
43,0.376
44,0.31839999999999996
45,0.0325
46,0.5325
47,0.059
48,0.34273333333333333
49,0.297
50,0.52015
51,0.476
52,0.11058333333333333
53,0.74
54,0.4953166666666667
55,0.09166666666666666
56,0.0021333333333333334
57,0.704
58,0.755
59,0.603
60,0.305
61,0.106
62,0.272
63,0.02606666666666666
64,0.277
65,0.576
66,0.09
67,0.691
68,0.148
69,0.7986666666666666
70,0.6955238095238097
71,0.531
72,0.4295
73,0.202
74,0.08771666666666667
75,0.271
76,0.836
77,0.751
78,0.187
79,0.534
80,0.333
81,0.118
82,0.3319166666666667
83,0.142
84,0.047683333333333335
85,0.172
86,0.21523333333333336
87,0.829
88,0.0
89,0.19069999999999998
90,0.6545000000000001
91,0.097
92,0.023
93,0.018600000000000002
94,0.781
95,0.153
96,0.041688095238095246
97,0.72
98,0.004617857142857142
99,0.315
100,0.31331666666666674
101,0.464
102,0.218
103,0.298
104,0.42
105,0.163
106,0.416
107,0.844
108,0.472
109,0.778
110,0.221
111,0.7575833333333333
112,0.771
113,0.81
114,0.47
115,0.11231666666666668
116,0.0
117,0.78
118,0.15307619047619048
119,0.018233333333333334
120,0.023
121,0.03257142857142857
122,0.002
123,0.813
124,0.0792
125,0.803
126,0.085
127,0.186
128,0.29915952380952376
129,0.26855
130,0.43315
131,0.1756
132,0.565
133,0.071
134,0.256
135,0.223
136,0.115
137,0.0
138,0.721
139,0.03955
140,0.405
141,0.423
142,0.26361666666666667
143,0.908
144,0.18075
145,0.268
146,0.7536666666666666
147,0.10825
148,0.6455
149,0.3979666666666667
150,0.607
151,0.19220833333333334
152,0.5899166666666666
153,0.495
154,0.015166666666666667
155,0.802
156,0.104
157,0.5
158,0.033
159,0.067
160,0.475
161,0.439
162,0.189
163,0.177
164,0.063
165,0.20733333333333331
166,0.54925
167,0.528
168,0.14080238095238096
169,0.07866666666666666
170,0.5750500000000001
171,0.031785714285714285
172,0.031
173,0.004
174,0.02
175,0.308
176,0.30966666666666665
177,0.605
178,0.602
179,0.171
180,0.5278333333333334
181,0.765
182,0.04
183,0.5390833333333332
184,0.0
185,0.075
186,0.862
187,0.462
188,0.094
189,0.706
190,0.004
191,0.4289702380952382
192,0.2754853174603174
193,0.12981666666666666
194,0.054
195,0.197
196,0.09122023809523809
197,0.743
198,0.123
199,0.867
200,0.007
201,0.5558333333333334
202,0.631
203,0.028
204,0.001
205,0.831
206,0.021333333333333333
207,0.764
208,0.42
209,0.023166666666666665
210,0.805
211,0.97
212,0.092
213,0.044
214,0.071
215,0.10834181096681102
216,0.05
217,0.48219999999999996
218,0.4129452380952381
219,0.582
220,0.347
221,0.535
222,0.033
223,0.029416666666666667
224,0.12968095238095242
225,0.347
226,0.756
227,0.07731666666666666
228,0.45166666666666666
229,0.5399333333333334
230,0.434
231,0.23675479797979798
232,0.4921666666666667
233,0.613
234,0.275
235,0.64475
236,0.31653571428571425
237,0.329
238,0.23201666666666665
239,0.3218333333333333
240,0.017666666666666664
241,0.45404761904761876
242,0.53
243,0.563
244,0.0
245,0.814
246,0.028066666666666667
247,0.916
248,0.059
249,0.42
250,0.013
251,0.716
252,0.024
253,0.286
254,0.079
255,0.646
256,0.509
257,0.146
258,0.187
259,0.029
260,0.32865
261,0.233
262,0.3905
263,0.828
264,0.299
265,0.63
266,0.476
267,0.106
268,0.024
269,0.831
270,0.037
271,0.2716666666666666
272,0.7391410533910526
273,0.887
274,0.18380000000000002
275,0.896
276,0.788
277,0.477
278,0.671
279,0.25001666666666666
280,0.5291833333333333
281,0.06
282,0.408
283,0.6573333333333333
284,0.1925
285,0.617
286,0.831
287,0.633
288,0.5011666666666666
289,0.228
290,0.34
291,0.3153333333333333
292,0.684
293,0.0025
294,0.3413928571428571
295,0.256
296,0.019
297,0.604
298,0.6889666666666666
299,0.2935
300,0.82
301,0.006
302,0.568
303,0.04910833333333334
304,0.02
305,0.052
306,0.005
307,0.7371666666666667
308,0.7805
309,0.644
310,0.169
311,0.714
312,0.667
313,0.2963333333333334
314,0.39139999999999997
315,0.147
316,0.167
317,0.719
318,0.004
319,0.167
320,0.718
321,0.707
322,0.737
323,0.133
324,0.3926583333333333
325,0.01
326,0.081
327,0.712
328,0.597
329,0.486
330,0.418
331,0.05
332,0.17701666666666666
333,0.009
334,0.783
335,0.091
336,0.242
337,0.4451666666666667
338,0.059
339,0.204
340,0.002
341,0.0
342,0.281
343,0.0016666666666666666
344,0.416
345,0.112
346,0.023
347,0.637
348,0.068
349,0.618
350,0.31
351,0.088
352,0.733
353,0.404
354,0.112
355,0.056
356,0.094
357,0.966
358,0.626
359,0.279
360,0.535
361,0.0
362,0.30933333333333335
363,0.071
364,0.6405
365,0.21
366,0.213
367,0.827
368,0.034
369,0.14625
370,0.174
371,0.3990666666666666
372,0.764
373,0.10220119047619047
374,0.008264285714285714
375,0.276
376,0.0
377,0.157
378,0.019
379,0.182
380,0.1396666666666667
381,0.414
382,0.77
383,0.222
384,0.07
385,0.15116666666666664
386,0.628
387,0.036
388,0.0005
389,0.071
390,0.003
391,0.053
392,0.0265
393,0.0
394,0.458
395,0.64
396,0.04375
397,0.28475
398,0.10875
399,0.13872619047619045
400,0.3856805555555555
401,0.002
402,0.01
403,0.066
404,0.501
405,0.334
406,0.165
407,0.336
408,0.44
409,0.017066666666666667
410,0.6956666666666668
411,0.752
412,0.13106666666666666
413,0.89
414,0.138
415,0.037
416,0.39341666666666664
417,0.3373333333333334
418,0.159
419,0.053
420,0.002
421,0.43
422,0.272
423,0.794
424,0.006
425,0.488
426,0.12961666666666669
427,0.823
428,0.654
429,0.06825
430,0.781
431,0.098
432,0.655
433,0.1416666666666667
434,0.509
435,0.10335714285714287
436,0.053
437,0.19416666666666668
438,0.369
439,0.447
440,0.367
441,0.10066666666666665
442,0.512
443,0.3558
444,0.112
445,0.33525
446,0.79175
447,0.1303333333333333
448,0.85
449,0.396
450,0.04275
451,0.668
452,0.6095
453,0.871
454,0.10466666666666666
455,0.574
456,0.155402380952381
457,0.311
458,0.12391666666666665
459,0.686
460,0.856
461,0.619
462,0.24583333333333338
463,0.443
464,0.023745626432391122
465,0.8260833333333333
466,0.669
467,0.019
468,0.58625
469,0.40986666666666666
470,0.0
471,0.06992976190476188
472,0.08
473,0.15991666666666668
474,0.6097833333333335
475,0.7665
476,0.071
477,0.0
478,0.676
479,0.12
480,0.3824333333333334
481,0.019
482,0.031
483,0.249
484,0.0002222222222222222
485,0.7761666666666668
486,0.838
487,0.659
488,0.594
489,0.345
490,0.001
491,0.001
492,0.3403333333333334
493,0.11225952380952382
494,0.235
495,0.186
496,0.604
497,0.0705
498,0.584
499,0.442
500,0.50925
501,0.1465
502,0.781
503,0.4154
504,0.5840761904761905
505,0.12
506,0.643
507,0.374
508,0.004688888888888888
509,0.30541666666666667
510,0.892
511,0.839
512,0.275
513,0.628
514,0.223
515,0.5318166666666667
516,0.157
517,0.131
518,0.033
519,0.018
520,0.727
521,0.211
522,0.096
523,0.023
524,0.495
525,0.517
526,0.07
527,0.794
528,0.16733809523809537
529,0.668
530,0.0
531,0.6390428571428572
532,0.016333333333333335
533,0.364
534,0.06
535,0.019216666666666667
536,0.50425
537,0.009
538,0.871
539,0.22086666666666666
540,0.177
541,0.0
542,0.0
543,0.1775
544,0.6218499999999999
545,0.717
546,0.147
547,0.118
548,0.061630158730158736
549,0.498
550,0.0345
551,0.639
552,0.164
553,0.515
554,0.07333333333333333
555,0.711
556,0.853
557,0.05141190476190475
558,0.5847060439560439
559,0.261
560,0.2485
561,0.775
562,0.46
563,0.002
564,0.081
565,0.268
566,0.0232
567,0.2701666666666666
568,0.50005
569,0.2977547619047619
570,0.3085
571,0.723
572,0.3515
573,0.013
574,0.033
575,0.793
576,0.033
577,0.165
578,0.0
579,0.6763333333333333
580,0.503
581,0.609
582,0.25
583,0.809
584,0.795
585,0.889
586,0.027
587,0.38725
588,0.516
589,0.027
590,0.18257579365079366
591,0.007
592,0.649
593,0.09725
594,0.319
595,0.418
596,0.4923333333333333
597,0.055
598,0.007666666666666666
599,0.304
600,0.711
601,0.816
602,0.3859079365079363
603,0.019
604,0.653
605,0.002
606,0.089
607,0.487
608,0.124
609,0.4104166666666667
610,0.146
611,0.462
612,0.7745833333333333
613,0.1265
614,0.258
615,0.315
616,0.031
617,0.244
618,0.5599166666666666
619,0.253
620,0.326
621,0.888
622,0.864
623,0.4265
624,0.41788333333333333
625,0.0
626,0.5425
627,0.24733333333333335
628,0.007
629,0.39315000000000005
630,0.008
631,0.502
632,0.651
633,0.621
634,0.0850297619047619
635,0.008
636,0.793
637,0.615
638,0.7045
639,0.3495452380952381
640,0.30525
641,0.5820833333333335
642,0.0
643,0.506
644,0.37066666666666664
645,0.853
646,0.07299913419913422
647,0.578
648,0.0225
649,0.008333333333333333
650,0.474
651,0.694
652,0.306
653,0.808
654,0.44
655,0.326
656,0.3746666666666667
657,0.783
658,0.009
659,0.107
660,0.30933333333333335
661,0.114
662,0.682
663,0.003
664,0.4661666666666667
665,0.5338214285714286
666,0.21
667,0.3227083333333334
668,0.162
669,0.45874999999999994
670,0.196
671,0.6036666666666668
672,0.413
673,0.808
674,0.21430952380952378
675,0.2292
676,0.424
677,0.663
678,0.18
679,0.584
680,0.13
681,0.574
682,0.098
683,0.09723333333333334
684,0.003
685,0.3065
686,0.31866666666666665
687,0.045
688,0.032
689,0.003
690,0.085
691,0.654
692,0.35625
693,0.0012
694,0.0
695,0.143
696,0.078
697,0.095
698,0.518
699,0.39766666666666667
700,0.353
701,0.376
702,0.3853333333333333
703,0.086
704,0.609
705,0.084
706,0.855
707,0.366
708,0.3313333333333333
709,0.17
710,0.2789166666666667
711,0.703
712,0.39
713,0.05779761904761904
714,0.3260333333333333
715,0.5701666666666666
716,0.241
717,0.648004761904762
718,0.45316666666666666
719,0.117
720,0.372
721,0.08316666666666667
722,0.41
723,0.122
724,0.845
725,0.033
726,0.02997619047619048
727,0.5387000000000001
728,0.186
729,0.003
730,0.4335
731,0.0
732,0.386
733,0.21
734,0.054
735,0.009
736,0.67
737,0.274
738,0.7185833333333334
739,0.815
740,0.477
741,0.591
742,0.021866666666666663
743,0.159
744,0.6212000000000001
745,0.3009166666666666
746,0.27819166666666667
747,0.4476666666666666
748,0.112
749,0.411
750,0.806
751,0.206
752,0.107
753,0.156
754,0.03521666666666666
755,0.725
756,0.584
757,0.336
758,0.104
759,0.158
760,0.23
761,0.826
762,0.772
763,0.03525
764,0.761
765,0.713
766,0.756
767,0.044
768,0.4446
769,0.83175
770,0.776
771,0.035
772,0.418
773,0.22
774,0.197
775,0.653
776,0.865
777,0.583
778,0.09
779,0.017
780,0.4152119047619047
781,0.001
782,0.052
783,0.32002222222222215
784,0.039
785,0.034
786,0.676
787,0.5605
788,0.003
789,0.055
790,0.029
791,0.63455
792,0.011
793,0.713
794,0.499
795,0.207
796,0.422
797,0.558
798,0.803
799,0.7
800,0.333
801,0.05
802,0.891
803,0.506
804,0.136
805,0.325
806,0.808
807,0.481
808,0.0
809,0.81
810,0.372
811,0.3756666666666667
812,0.057
813,0.449
814,0.702
815,0.0086
816,0.57
817,0.3411952380952381
818,0.062
819,0.001
820,0.003
821,0.034
822,0.79
823,0.016
824,0.05
825,0.021
826,0.089
827,0.254
828,0.851
829,0.082
830,0.518
831,0.748
832,0.41933333333333334
833,0.5516666666666667
834,0.129
835,0.542
836,0.384
837,0.592
838,0.237
839,0.009
840,0.215
841,0.594
842,0.502
843,0.44
844,0.041
845,0.6527999999999999
846,0.054
847,0.4023571428571429
848,0.0
849,0.241
850,0.421
851,0.821
852,0.54035
853,0.684
854,0.5317214285714287
855,0.617
856,0.47095
857,0.13725
858,0.774
859,0.6340666666666667
860,0.274
861,0.6245
862,0.16
863,0.467
864,0.59
865,0.21
866,0.521
867,0.051
868,0.132
869,0.290604761904762
870,0.749
871,0.283
872,0.306
873,0.5395
874,0.03376666666666667
875,0.542
876,0.13116666666666665
877,0.096
878,0.625
879,0.041
880,0.372
881,0.1482797619047619
882,0.513
883,0.41
884,0.853
885,0.027800000000000002
886,0.517
887,0.179
888,0.787
889,0.087
890,0.006666666666666667
891,0.0
892,0.706
893,0.41
894,0.8176666666666668
895,0.034
896,0.401
897,0.44
898,0.1222140692640693
899,0.677
900,0.106
901,0.231
902,0.322
903,0.006
904,0.11
905,0.75825
906,0.069
907,0.5535
908,0.5795
909,0.212
910,0.034
911,0.085
912,0.014
913,0.28
914,0.561
915,0.30966666666666665
916,0.61
917,0.07663333333333333
918,0.7659666666666667
919,0.6126666666666667
920,0.479
921,0.736
922,0.008
923,0.12
924,0.002
925,0.291
926,0.11271666666666669
927,0.027
928,0.009999999999999998
929,0.03275
930,0.08141666666666666
931,0.298
932,0.071
933,0.201
934,0.046
935,0.37451666666666666
936,0.433
937,0.366
938,0.011
939,0.87
940,0.035
941,0.526
942,0.002
943,0.0875
944,0.894
945,0.035666666666666666
946,0.509
947,0.58
948,0.114
949,0.069
950,0.936
951,0.141
952,0.37933333333333336
953,0.6455833333333333
954,0.2375
955,0.2265
956,0.2887142857142857
957,0.275
958,0.201
959,0.057
960,0.459
961,0.837
962,0.001
963,0.010666666666666668
964,0.487
965,0.037
966,0.373
967,0.511
968,0.3800166666666667
969,0.052
970,0.2415
971,0.7918999999999999
972,0.016
973,0.15266666666666667
974,0.27423650793650794
975,0.202
976,0.678
977,0.821
978,0.09433333333333334
979,0.001
980,0.26583333333333337
981,0.37
982,0.6715
983,0.25516666666666665
984,0.581
985,0.603
986,0.005
987,0.7235
988,0.778
989,0.2
990,0.13593055555555555
991,0.5491063492063493
992,0.107
993,0.48
994,0.0
995,0.001
996,0.569
997,0.342
998,0.322
999,0.3525
1000,0.605
1001,0.3611428571428571
1002,0.491
1003,0.5563333333333333
1004,0.017
1005,0.588
1006,0.1825
1007,0.589
1008,0.365
1009,0.5209333333333334
1010,0.2873333333333334
1011,0.041
1012,0.018375
1013,0.418
1014,0.047
1015,0.20623333333333332
1016,0.1335
1017,0.04624999999999999
1018,0.013
1019,0.259
1020,0.537
1021,0.009666666666666665
1022,0.018355158730158732
1023,0.027776190476190475
1024,0.364
1025,0.462
1026,0.334
1027,0.003
1028,0.018
1029,0.623
1030,0.632
1031,0.81
1032,0.0125
1033,0.264
1034,0.6306
1035,0.67
1036,0.726
1037,0.5278333333333334
1038,0.497
1039,0.836
1040,0.5805833333333332
1041,0.756
1042,0.527
1043,0.684
1044,0.15773650793650798
1045,0.521
1046,0.03566666666666667
1047,0.4156666666666667
1048,0.63
1049,0.024083333333333335
1050,0.264
1051,0.686
1052,0.1405
1053,0.5398333333333334
1054,0.078
1055,0.52075
1056,0.59
1057,0.5241666666666667
1058,0.5075
1059,0.204
1060,0.001
1061,0.7715
1062,0.007
1063,0.299
1064,0.255
1065,0.014
1066,0.159
1067,0.009200000000000002
1068,0.10425
1069,0.377
1070,0.731
1071,0.06981666666666667
1072,0.628
1073,0.462
1074,0.122
1075,0.007
1076,0.811
1077,0.5236166666666668
1078,0.743
1079,0.126
1080,0.436
1081,0.74
1082,0.5236666666666667
1083,0.47598809523809527
1084,0.17635
1085,0.283
1086,0.1353333333333333
1087,0.36805
1088,0.401
1089,0.567
1090,0.261
1091,0.119
1092,0.8753333333333334
1093,0.557
1094,0.887
1095,0.233
1096,0.043
1097,0.3180666666666666
1098,0.2245
1099,0.276
1100,0.10700714285714286
1101,0.854
1102,0.6935
1103,0.211
1104,0.006
1105,0.10151666666666669
1106,0.363
1107,0.744
1108,0.558
1109,0.177
1110,0.073
1111,0.0012
1112,0.174
1113,0.211
1114,0.318
1115,0.5661666666666667
1116,0.11
1117,0.48365000000000014
1118,0.405
1119,0.656
1120,0.008
1121,0.3
1122,0.669
1123,0.43335
1124,0.391
1125,0.385
1126,0.028
1127,0.129
1128,0.018
1129,0.034
1130,0.091
1131,0.03475
1132,0.425
1133,0.3619
1134,0.34659999999999996
1135,0.481
1136,0.901
1137,0.3344166666666667
1138,0.126
1139,0.443
1140,0.104
1141,0.707
1142,0.024
1143,0.3434595238095238
1144,0.17
1145,0.4691666666666666
1146,0.893
1147,0.194
1148,0.496
1149,0.60975
1150,0.1396666666666667
1151,0.042
1152,0.6245
1153,0.05745238095238095
1154,0.257
1155,0.47
1156,0.576
1157,0.192
1158,0.6091666666666666
1159,0.646
1160,0.028
1161,0.742
1162,0.01211111111111111
1163,0.315
1164,0.093
1165,0.01580952380952381
1166,0.35583333333333333
1167,0.791
1168,0.246
1169,0.783
1170,0.7811666666666667
1171,0.21525000000000008
1172,0.4076666666666667
1173,0.01898636363636363
1174,0.8525
1175,0.429
1176,0.033
1177,0.771
1178,0.005333333333333333
1179,0.106
1180,0.15914285714285714
1181,0.6
1182,0.516
1183,0.175
1184,0.034
1185,0.695
1186,0.4405
1187,0.0
1188,0.6831142857142857
1189,0.865
1190,0.14525
1191,0.5045
1192,0.565
1193,0.434
1194,0.36063333333333325
1195,0.2741666666666666
1196,0.23483333333333334
1197,0.479
1198,0.2145
1199,0.782
1200,0.1835
1201,0.246
1202,0.125
1203,0.196
1204,0.681
1205,0.5589928571428572
1206,0.34
1207,0.532
1208,0.4662666666666667
1209,0.675
1210,0.52495
1211,0.363
1212,0.0485
1213,0.185
1214,0.363
1215,0.3166666666666667
1216,0.8671666666666668
1217,0.04125
1218,0.5675833333333333
1219,0.573
1220,0.393
1221,0.3445833333333333
1222,0.203
1223,0.209
1224,0.0
1225,0.27
1226,0.35647142857142855
1227,0.049
1228,0.19140000000000001
1229,0.20726666666666665
1230,0.168
1231,0.105
1232,0.143
1233,0.117
1234,0.26766666666666666
1235,0.147
1236,0.002
1237,0.0
1238,0.6542
1239,0.38
1240,0.297
1241,0.81
1242,0.1452
1243,0.412
1244,0.089
1245,0.053
1246,0.473
1247,0.126
1248,0.756
1249,0.1375
1250,0.394
1251,0.792
1252,0.6523071428571429
1253,0.028
1254,0.56
1255,0.366
1256,0.012
1257,0.027
1258,0.048
1259,0.19175
1260,0.336
1261,0.08425
1262,0.906
1263,0.5993333333333334
1264,0.706
1265,0.026449999999999998
1266,0.667
1267,0.556
1268,0.031
1269,0.258
1270,0.785
1271,0.761
1272,0.2540833333333333
1273,0.004
1274,0.885
1275,0.25975
1276,0.009999999999999998
1277,0.0
1278,0.478
1279,0.65
1280,0.3258095238095235
1281,0.092
1282,0.408
1283,0.313
1284,0.09501190476190477
1285,0.7685
1286,0.526
1287,0.257
1288,0.027
1289,0.508
1290,0.537
1291,0.7627833333333333
1292,0.108
1293,0.0
1294,0.099
1295,0.77
1296,0.537
1297,0.56775
1298,0.04
1299,0.5394380952380954
1300,0.603
1301,0.911
1302,0.015866666666666668
1303,0.073
1304,0.25
1305,0.022
1306,0.07784999999999999
1307,0.6984095238095237
1308,0.836
1309,0.20766666666666667
1310,0.024
1311,0.237
1312,0.085
1313,0.01
1314,0.4289666666666667
1315,0.106
1316,0.049
1317,0.10859999999999999
1318,0.784
1319,0.6
1320,0.5685
1321,0.001
1322,0.0
1323,0.6205
1324,0.228
1325,0.0
1326,0.604
1327,0.11793333333333333
1328,0.0012
1329,0.547
1330,0.561
1331,0.526
1332,0.0152
1333,0.5
1334,0.257
1335,0.612
1336,0.7333333333333333
1337,0.228
1338,0.185
1339,0.806
1340,0.5261499999999999
1341,0.4671666666666666
1342,0.46316666666666667
1343,0.232
1344,0.025833333333333333
1345,0.065
1346,0.21516666666666664
1347,0.427
1348,0.13575
1349,0.67
1350,0.238
1351,0.2125595238095238
1352,0.033
1353,0.31766666666666665
1354,0.746
1355,0.08
1356,0.675
1357,0.24065833333333336
1358,0.07366666666666667
1359,0.192
1360,0.19118333333333334
1361,0.4146833333333333
1362,0.2465
1363,0.776
1364,0.257
1365,0.45404761904761876
1366,0.105
1367,0.4032380952380952
1368,0.05616666666666666
1369,0.63
1370,0.434
1371,0.3130023809523809
1372,0.083
1373,0.635
1374,0.595
1375,0.145
1376,0.19129166666666667
1377,0.7618666666666665
1378,0.01
1379,0.026652380952380948
1380,0.19438571428571427
1381,0.14533333333333331
1382,0.087
1383,0.672
1384,0.483
1385,0.659
1386,0.204
1387,0.5422916666666666
1388,0.012733333333333331
1389,0.26641666666666675
1390,0.662
1391,0.658
1392,0.648
1393,0.184
1394,0.06
1395,0.364
1396,0.611
1397,0.029
1398,0.36410476190476193
1399,0.515
1400,0.828
1401,0.058
1402,0.391
1403,0.8551666666666667
1404,0.729
1405,0.614
1406,0.463
1407,0.221
1408,0.708
1409,0.7243333333333333
1410,0.068
1411,0.02103333333333333
1412,0.612
1413,0.41766666666666663
1414,0.031
1415,0.845
1416,0.709
1417,0.128
1418,0.09025
1419,0.7988333333333334
1420,0.772
1421,0.31478333333333336
1422,0.5388333333333334
1423,0.427
1424,0.27244999999999997
1425,0.202
1426,0.513
1427,0.054
1428,0.5312333333333333
1429,0.337
1430,0.015336904761904765
1431,0.3066904761904762
1432,0.007
1433,0.04586666666666667
1434,0.5575833333333332
1435,0.1529
1436,0.464
1437,0.375
1438,0.131
1439,0.1665
1440,0.231
1441,0.205
1442,0.576
1443,0.593
1444,0.06315476190476191
1445,0.447
1446,0.038
1447,0.845
1448,0.45055
1449,0.707
1450,0.566
1451,0.09
1452,0.64
1453,0.33891666666666664
1454,0.089
1455,0.2919
1456,0.241
1457,0.584
1458,0.25506666666666666
1459,0.29
1460,0.6659166666666664
1461,0.2255
1462,0.221
1463,0.002
1464,0.17
1465,0.736
1466,0.216
1467,0.594
1468,0.025
1469,0.601
1470,0.6441730158730166
1471,0.019
1472,0.7015666666666667
1473,0.334
1474,0.24933333333333335
1475,0.033
1476,0.1994
1477,0.11553333333333335
1478,0.626
1479,0.037
1480,0.004
1481,0.009666666666666665
1482,0.062
1483,0.8888333333333333
1484,0.001
1485,0.716
1486,0.132
1487,0.3386666666666666
1488,0.148
1489,0.095
1490,0.499
1491,0.064
1492,0.909
1493,0.315
1494,0.4372119047619049
1495,0.086
1496,0.022
1497,0.017541666666666667
1498,0.697
1499,0.153
1500,0.281
1501,0.4405
1502,0.836
1503,0.104
1504,0.033
1505,0.126
1506,0.4205607142857143
1507,0.033
1508,0.293
1509,0.029
1510,0.185
1511,0.544
1512,0.117
1513,0.23694523809523807
1514,0.6325
1515,0.81
1516,0.6517857142857142
1517,0.348
1518,0.028
1519,0.17166666666666666
1520,0.682
1521,0.618
1522,0.0105
1523,0.446
1524,0.287
1525,0.012333333333333333
1526,0.027
1527,0.845
1528,0.357
1529,0.5816999999999999
1530,0.226
1531,0.112
1532,0.32880000000000004
1533,0.08821666666666665
1534,0.016
1535,0.66
1536,0.242
1537,0.042875
1538,0.724
1539,0.243
1540,0.229
1541,0.4595
1542,0.885
1543,0.701
1544,0.433
1545,0.0595
1546,0.544
1547,0.576
1548,0.044
1549,0.049
1550,0.4675
1551,0.336
1552,0.811
1553,0.496
1554,0.573
1555,0.0325
1556,0.424
1557,0.5
1558,0.214
1559,0.4028333333333333
1560,0.002
1561,0.457
1562,0.6721666666666666
1563,0.5
1564,0.757
1565,0.148
1566,0.376
1567,0.072
1568,0.07107500000000001
1569,0.054
1570,0.531
1571,0.5815499999999999
1572,0.14
1573,0.537
1574,0.6186333333333334
1575,0.4545666666666667
1576,0.0
1577,0.017
1578,0.659
1579,0.0056
1580,0.475
1581,0.848
1582,0.59
1583,0.581
1584,0.042
1585,0.254
1586,0.011
1587,0.499
1588,0.406
1589,0.066
1590,0.067
1591,0.7680000000000001
1592,0.142
1593,0.028178571428571428
1594,0.504
1595,0.08
1596,0.072
1597,0.313
1598,0.445
1599,0.3113333333333333
1600,0.85
1601,0.037
1602,0.144
1603,0.79
1604,0.316
1605,0.352
1606,0.08875
1607,0.26248333333333335
1608,0.37551666666666667
1609,0.81
1610,0.388
1611,0.545
1612,0.823
1613,0.043
1614,0.067
1615,0.157
1616,0.24333333333333335
1617,0.419
1618,0.0474
1619,0.389
1620,0.016
1621,0.5
1622,0.083
1623,0.5384166666666667
1624,0.191
1625,0.596
1626,0.144
1627,0.002
1628,0.38883333333333336
1629,0.672
1630,0.509
1631,0.5830666666666667
1632,0.017
1633,0.552
1634,0.615
1635,0.414
1636,0.6861666666666666
1637,0.005
1638,0.24559999999999998
1639,0.071
1640,0.276
1641,0.753
1642,0.147
1643,0.009333333333333332
1644,0.471
1645,0.785
1646,0.3295
1647,0.776
1648,0.6778000000000002
1649,0.885
1650,0.8049166666666667
1651,0.61
1652,0.7555
1653,0.104
1654,0.016
1655,0.5335
1656,0.803
1657,0.478
1658,0.806
1659,0.072
1660,0.215
1661,0.088
1662,0.004
1663,0.493
1664,0.032
1665,0.463
1666,0.93
1667,0.14633333333333332
1668,0.019
1669,0.298
1670,0.221
1671,0.20865
1672,0.041
1673,0.526
1674,0.89
1675,0.792
1676,0.163
1677,0.637
1678,0.0
1679,0.208
1680,0.3785
1681,0.184
1682,0.84
1683,0.774
1684,0.03
1685,0.06046666666666667
1686,0.0
1687,0.362
1688,0.4656666666666667
1689,0.082
1690,0.532
1691,0.116
1692,0.057
1693,0.638
1694,0.198
1695,0.712
1696,0.31183333333333335
1697,0.158
1698,0.3789666666666667
1699,0.01
1700,0.11220000000000001
1701,0.204
1702,0.4029333333333334
1703,0.424
1704,0.58
1705,0.013
1706,0.231
1707,0.13616666666666666
1708,0.41911666666666675
1709,0.20712857142857144
1710,0.349
1711,0.2713333333333333
1712,0.0056
1713,0.3760833333333334
1714,0.706
1715,0.036
1716,0.4984166666666666
1717,0.0
1718,0.034
1719,0.138
1720,0.42
1721,0.032
1722,0.288
1723,0.405
1724,0.786
1725,0.5086666666666666
1726,0.092
1727,0.151
1728,0.013
1729,0.20184999999999997
1730,0.554
1731,0.613
1732,0.055
1733,0.457
1734,0.081
1735,0.44
1736,0.004
1737,0.026
1738,0.615
1739,0.2598464285714285
1740,0.59
1741,0.084
1742,0.673
1743,0.712
1744,0.013416666666666665
1745,0.042402958152958165
1746,0.349
1747,0.2662333333333333
1748,0.014833333333333332
1749,0.658
1750,0.492
1751,0.3296
1752,0.354
1753,0.29960238095238095
1754,0.068
1755,0.47333333333333333
1756,0.742
1757,0.002
1758,0.10859999999999999
1759,0.0564
1760,0.266
1761,0.638
1762,0.042083333333333334
1763,0.3258095238095235
1764,0.018
1765,0.5475
1766,0.664
1767,0.762
1768,0.242
1769,0.661427380952381
1770,0.09766666666666667
1771,0.24
1772,0.0016666666666666666
1773,0.067
1774,0.002
1775,0.782
1776,0.422
1777,0.31076190476190435
1778,0.602
1779,0.4121666666666667
1780,0.019
1781,0.164
1782,0.301
1783,0.466
1784,0.3032142857142857
1785,0.36250000000000004
1786,0.288
1787,0.354
1788,0.434
1789,0.602
1790,0.054
1791,0.201
1792,0.06874761904761906
1793,0.203
1794,0.6776666666666668
1795,0.1285
1796,0.868
1797,0.001
1798,0.6573646825396822
1799,0.12966666666666668
1800,0.911
1801,0.055
1802,0.768
1803,0.5025
1804,0.653
1805,0.06000833333333333
1806,0.7502833333333333
1807,0.7713357142857142
1808,0.478
1809,0.10425
1810,0.129
1811,0.13
1812,0.543
1813,0.609
1814,0.019
1815,0.713
1816,0.04
1817,0.166
1818,0.5987015873015873
1819,0.11305357142857142
1820,0.162
1821,0.03633333333333333
1822,0.001
1823,0.616
1824,0.70075
1825,0.12191666666666665
1826,0.719
1827,0.648
1828,0.5645833333333333
1829,0.346
1830,0.4511095238095238
1831,0.249
1832,0.20208333333333334
1833,0.6225
1834,0.678
1835,0.002
1836,0.474
1837,0.84115
1838,0.832
1839,0.1655
1840,0.079
1841,0.457
1842,0.682
1843,0.08
1844,0.233
1845,0.021
1846,0.689
1847,0.4722595238095237
1848,0.593
1849,0.089
1850,0.376
1851,0.3443333333333333
1852,0.588
1853,0.13003412698412697
1854,0.0175
1855,0.059
1856,0.001
1857,0.041
1858,0.3839666666666666
1859,0.162
1860,0.2670083333333334
1861,0.14748333333333336
1862,0.1451
1863,0.028
1864,0.847
1865,0.7779833333333334
1866,0.089
1867,0.3072500000000001
1868,0.4086666666666667
1869,0.65
1870,0.582
1871,0.006
1872,0.09345357142857144
1873,0.04846666666666667
1874,0.24562222222222152
1875,0.481
1876,0.16333333333333333
1877,0.541
1878,0.07896547619047618
1879,0.0
1880,0.196
1881,0.0345
1882,0.008
1883,0.279
1884,0.396
1885,0.5106666666666666
1886,0.35936666666666667
1887,0.124
1888,0.379
1889,0.21958333333333332
1890,0.316
1891,0.052
1892,0.523
1893,0.7035833333333333
1894,0.113
1895,0.635
1896,0.3726666666666667
1897,0.014551190476190478
1898,0.369
1899,0.604
1900,0.11375
1901,0.043
1902,0.175
1903,0.3306666666666666
1904,0.6944166666666667
1905,0.408
1906,0.567
1907,0.433
1908,0.3758
1909,0.0
1910,0.075
1911,0.111
1912,0.071
1913,0.673
1914,0.043327777777777784
1915,0.498
1916,0.862
1917,0.004
1918,0.917
1919,0.041166666666666664
1920,0.082
1921,0.616
1922,0.476
1923,0.539
1924,0.042
1925,0.5786666666666667
1926,0.797
1927,0.39826666666666666
1928,0.651
1929,0.041
1930,0.26475
1931,0.06
1932,0.4688333333333333
1933,0.863
1934,0.5628333333333334
1935,0.6985
1936,0.571
1937,0.513
1938,0.507
1939,0.7161833333333332
1940,0.736
1941,0.698
1942,0.037
1943,0.248
1944,0.299
1945,0.038
1946,0.673
1947,0.003
1948,0.118
1949,0.496
1950,0.27775
1951,0.103
1952,0.176
1953,0.21983333333333333
1954,0.24983333333333338
1955,0.1
1956,0.362
1957,0.078
1958,0.0275
1959,0.0
1960,0.104
1961,0.265
1962,0.5034333333333333
1963,0.23461666666666667
1964,0.054
1965,0.2240119047619048
1966,0.856
1967,0.3232333333333333
1968,0.129
1969,0.006
1970,0.001
1971,0.838
1972,0.588
1973,0.568
1974,0.506
1975,0.5217702380952379
1976,0.056
1977,0.554
1978,0.705
1979,0.282
1980,0.0055
1981,0.08782142857142856
1982,0.4636107142857145
1983,0.528
1984,0.111
1985,0.027
1986,0.27923809523809523
1987,0.1419333333333333
1988,0.26
1989,0.691
1990,0.396
1991,0.08116666666666665
1992,0.673
1993,0.338
1994,0.01211111111111111
1995,0.03949999999999999
1996,0.504
1997,0.347
1998,0.216
1999,0.4903333333333333
2000,0.059
2001,0.18
2002,0.24798333333333336
2003,0.08708333333333333
2004,0.251
2005,0.155
2006,0.491
2007,0.3160666666666667
2008,0.067
2009,0.6806666666666668
2010,0.45404761904761876
2011,0.2788333333333333
2012,0.0012
2013,0.576
2014,0.137
2015,0.084
2016,0.0945
2017,0.41783333333333333
2018,0.746
2019,0.247863492063492
2020,0.068
2021,0.0132
2022,0.004
2023,0.891
2024,0.033
2025,0.005
2026,0.0021523809523809525
2027,0.477
2028,0.054
2029,0.3445
2030,0.013633333333333332
2031,0.306
2032,0.6333333333333333
2033,0.353
2034,0.123
2035,0.4795285714285716
2036,0.853
2037,0.388
2038,0.203
2039,0.0645
2040,0.02741666666666667
2041,0.4
2042,0.102
2043,0.663
2044,0.525125
2045,0.045481371406371415
2046,0.65
2047,0.4497
2048,0.264
2049,0.34631666666666666
2050,0.215
2051,0.786
2052,0.004428571428571428
2053,0.495
2054,0.004
2055,0.018
2056,0.803
2057,0.4429666666666667
2058,0.637
2059,0.3485
2060,0.143
2061,0.0245
2062,0.011
2063,0.31883333333333336
2064,0.603
2065,0.0605
2066,0.247
2067,0.583
2068,0.15165476190476193
2069,0.09066666666666667
2070,0.434
2071,0.064
2072,0.044
2073,0.009
2074,0.053
2075,0.792
2076,0.5547523809523808
2077,0.08961666666666666
2078,0.192
2079,0.253
2080,0.708
2081,0.02
2082,0.0515
2083,0.0
2084,0.405
2085,0.6262000000000001
2086,0.6625666666666666
2087,0.064
2088,0.609
2089,0.0
2090,0.228
2091,0.688
2092,0.012333333333333332
2093,0.3065
2094,0.434
2095,0.2815
2096,0.097
2097,0.7263499999999999
2098,0.19543333333333338
2099,0.1535
2100,0.042
2101,0.1486666666666667
2102,0.01
2103,0.574
2104,0.067
2105,0.75325
2106,0.36765
2107,0.58145
2108,0.801
2109,0.356
2110,0.33721428571428574
2111,0.473
2112,0.117
2113,0.535
2114,0.58
2115,0.515
2116,0.54
2117,0.38
2118,0.5566023809523812
2119,0.014
2120,0.355
2121,0.714
2122,0.3705
2123,0.10266666666666667
2124,0.018
2125,0.4687333333333333
2126,0.036
2127,0.16635
2128,0.4186333333333334
2129,0.088
2130,0.063
2131,0.061
2132,0.4525
2133,0.525
2134,0.483
2135,0.023
2136,0.16066666666666665
2137,0.218
2138,0.585
2139,0.148
2140,0.215
2141,0.171
2142,0.4274666666666667
2143,0.558
2144,0.04316666666666667
2145,0.6428333333333333
2146,0.057333333333333326
2147,0.25023333333333336
2148,0.16401666666666664
2149,0.026
2150,0.025
2151,0.682
2152,0.10726666666666666
2153,0.4253
2154,0.912
2155,0.4263333333333334
2156,0.68
2157,0.3656666666666667
2158,0.019
2159,0.6903333333333332
2160,0.741
2161,0.7930666666666666
2162,0.561
2163,0.08
2164,0.03133333333333333
2165,0.015
2166,0.34
2167,0.396
2168,0.004
2169,0.7499357142857144
2170,0.554
2171,0.764
2172,0.82
2173,0.279
2174,0.02333333333333333
2175,0.473
2176,0.19955
2177,0.506
2178,0.03
2179,0.04910833333333334
2180,0.005
2181,0.017
2182,0.058
2183,0.18626666666666664
2184,0.036
2185,0.153
2186,0.1845
2187,0.367
2188,0.511
2189,0.066
2190,0.509
2191,0.242
2192,0.0034
2193,0.665
2194,0.32039761904761904
2195,0.003333333333333333
2196,0.29739166666666667
2197,0.5936
2198,0.146
2199,0.4245833333333333
2200,0.036
2201,0.007519047619047619
2202,0.65
2203,0.041
2204,0.0
2205,0.06
2206,0.944
2207,0.018
2208,0.002
2209,0.02815357142857143
2210,0.574
2211,0.767
2212,0.324
2213,0.141
2214,0.068
2215,0.103
2216,0.216
2217,0.245
2218,0.034
2219,0.211
2220,0.04641666666666666
2221,0.211
2222,0.04911666666666667
2223,0.357
2224,0.001
2225,0.2545
2226,0.0795
2227,0.485
2228,0.267
2229,0.8360166666666667
2230,0.3545
2231,0.708
2232,0.402
2233,0.734
2234,0.31775
2235,0.195
2236,0.0
2237,0.69
2238,0.353
2239,0.16923333333333332
2240,0.0493
2241,0.718
2242,0.697
2243,0.64
2244,0.02
2245,0.429
2246,0.068
2247,0.20613333333333336
2248,0.3323333333333333
2249,0.747
2250,0.339
2251,0.147
2252,0.696
2253,0.19844372294372292
2254,0.235
2255,0.1824
2256,0.101
2257,0.392
2258,0.4535
2259,0.6555
2260,0.477
2261,0.021
2262,0.4305
2263,0.637
2264,0.418
2265,0.322
2266,0.5873166666666666
2267,0.362
2268,0.501
2269,0.03
2270,0.14
2271,0.17
2272,0.441
2273,0.123
2274,0.591
2275,0.6116666666666666
2276,0.216
2277,0.468
2278,0.2941492424242424
2279,0.247
2280,0.25075
2281,0.07357857142857142
2282,0.59
2283,0.059
2284,0.25958333333333333
2285,0.155
2286,0.3835
2287,0.3305833333333334
2288,0.725
2289,0.40875
2290,0.0
2291,0.03613333333333332
2292,0.5017666666666667
2293,0.3827
2294,0.48
2295,0.55025
2296,0.837
2297,0.33
2298,0.009
2299,0.339
2300,0.3271294733044732
2301,0.899
2302,0.458
2303,0.007
2304,0.62
2305,0.298
2306,0.528
2307,0.035
2308,0.8066666666666666
2309,0.7564
2310,0.05025
2311,0.2855
2312,0.198
2313,0.14233333333333334
2314,0.841
2315,0.4954666666666667
2316,0.52875
2317,0.656
2318,0.247
2319,0.3105
2320,0.21947658730158728
2321,0.40077182539682543
2322,0.2991666666666667
2323,0.0018333333333333333
2324,0.015
2325,0.041
2326,0.385
2327,0.5181666666666667
2328,0.627
2329,0.298
2330,0.001
2331,0.153
2332,0.098
2333,0.0935
2334,0.831
2335,0.5614166666666667
2336,0.5753666666666667
2337,0.215
2338,0.16
2339,0.016
2340,0.4
2341,0.0
2342,0.089
2343,0.603
2344,0.3755
2345,0.074
2346,0.018
2347,0.49660000000000004
2348,0.14266666666666666
2349,0.777
2350,0.067
2351,0.335
2352,0.004
2353,0.074
2354,0.755
2355,0.875
2356,0.833
2357,0.092
2358,0.5523333333333333
2359,0.009666666666666665
2360,0.356
2361,0.278
2362,0.1586
2363,0.586
2364,0.321
2365,0.18
2366,0.448
2367,0.0008333333333333333
2368,0.0639
2369,0.159
2370,0.434
2371,0.395
2372,0.185
2373,0.1095
2374,0.149
2375,0.6037166666666666
2376,0.845
2377,0.037
2378,0.3592047619047618
2379,0.008
2380,0.443
2381,0.3596666666666667
2382,0.453
2383,0.003
2384,0.397
2385,0.4193333333333333
2386,0.004
2387,0.091
2388,0.042166666666666665
2389,0.789
2390,0.94
2391,0.86
2392,0.34060793650793647
2393,0.785
2394,0.005
2395,0.148
2396,0.023666666666666666
2397,0.21583333333333335
2398,0.28145000000000003
2399,0.6627380952380956
2400,0.3737166666666667
2401,0.539
2402,0.15
2403,0.31
2404,0.014
2405,0.417
2406,0.123
2407,0.0115
2408,0.584
2409,0.579
2410,0.023433333333333337
2411,0.388
2412,0.009
2413,0.12362225552225563
2414,0.06
2415,0.022
2416,0.04
2417,0.827
2418,0.003
2419,0.826
2420,0.443
2421,0.125
2422,0.121
2423,0.168
2424,0.177
2425,0.0011666666666666668
2426,0.133
2427,0.367
2428,0.816
2429,0.425
2430,0.17048333333333335
2431,0.1
2432,0.4673333333333333
2433,0.853
2434,0.5956666666666667
2435,0.3975
2436,0.05367601010101011
2437,0.3424
2438,0.5541166666666667
2439,0.882
2440,0.733
2441,0.4968166666666667
2442,0.692
2443,0.792
2444,0.59
2445,0.6296666666666667
2446,0.2735
2447,0.618
2448,0.508
2449,0.011
2450,0.271
2451,0.349
2452,0.6520000000000001
2453,0.00925
2454,0.498
2455,0.019819047619047618
2456,0.102
2457,0.683
2458,0.004
2459,0.786
2460,0.075
2461,0.40153452380952376
2462,0.3426666666666667
2463,0.8135
2464,0.494
2465,0.341
2466,0.10816666666666665
2467,0.042
2468,0.803
2469,0.635
2470,0.195
2471,0.8839166666666668
2472,0.398
2473,0.0
2474,0.627
2475,0.64825
2476,0.938
2477,0.419
2478,0.332
2479,0.732
2480,0.046
2481,0.8863333333333334
2482,0.002
2483,0.178
2484,0.043
2485,0.826
2486,0.055
2487,0.08233333333333334
2488,0.259
2489,0.269
2490,0.641
2491,0.001
2492,0.178
2493,0.0
2494,0.331
2495,0.187
2496,0.36143333333333333
2497,0.111
2498,0.002
2499,0.00875
2500,0.757
2501,0.3443
2502,0.666
2503,0.046
2504,0.3075
2505,0.39
2506,0.7507666666666667
2507,0.1386666666666667
2508,0.14778333333333332
2509,0.4816666666666667
2510,0.004678571428571429
2511,0.484
2512,0.658
2513,0.0
2514,0.011333333333333334
2515,0.0
2516,0.0872
2517,0.516
2518,0.241
2519,0.667
2520,0.362
2521,0.28
2522,0.009
2523,0.148
2524,0.29925
2525,0.034
2526,0.8649000000000001
2527,0.042
2528,0.728
2529,0.641
2530,0.809
2531,0.0
2532,0.594
2533,0.203
2534,0.153
2535,0.211
2536,0.035
2537,0.5193333333333332
2538,0.11930238095238097
2539,0.3651333333333333
2540,0.36
2541,0.259
2542,0.261
2543,0.101
2544,0.48355000000000004
2545,0.18655
2546,0.041
2547,0.32533333333333336
2548,0.798
2549,0.032583333333333325
2550,0.4
2551,0.572
2552,0.1572333333333333
2553,0.6005
2554,0.459
2555,0.038
2556,0.26
2557,0.456
2558,0.033
2559,0.0
2560,0.326
2561,0.361
2562,0.625
2563,0.22
2564,0.161
2565,0.085
2566,0.492
2567,0.23
2568,0.5715
2569,0.082
2570,0.039
2571,0.356
2572,0.12626666666666667
2573,0.5205333333333333
2574,0.5075
2575,0.259
2576,0.78525
2577,0.03
2578,0.004
2579,0.125
2580,0.311
2581,0.103
2582,0.056
2583,0.2895
2584,0.0016
2585,0.7243333333333333
2586,0.628
2587,0.662
2588,0.010583333333333332
2589,0.3963333333333333
2590,0.006
2591,0.111
2592,0.666
2593,0.009
2594,0.365
2595,0.709
2596,0.065
2597,0.7536666666666666
2598,0.82
2599,0.6735
2600,0.9615
2601,0.03725
2602,0.07
2603,0.467
2604,0.6536666666666666
2605,0.28
2606,0.043
2607,0.013
2608,0.333
2609,0.07565000000000001
2610,0.576
2611,0.508
2612,0.002
2613,0.192
2614,0.156
2615,0.7777809523809526
2616,0.3225666666666667
2617,0.4035
2618,0.003
2619,0.10266666666666666
2620,0.549
2621,0.165
2622,0.1745
2623,0.86
2624,0.03253333333333334
2625,0.098
2626,0.218
2627,0.235
2628,0.233
2629,0.175
2630,0.64
2631,0.015455230880230876
2632,0.664
2633,0.005
2634,0.025779761904761906
2635,0.145
2636,0.24766666666666665
2637,0.053
2638,0.617
2639,0.05958333333333333
2640,0.106
2641,0.217
2642,0.011983333333333332
2643,0.187
2644,0.233
2645,0.14202857142857145
2646,0.586
2647,0.05
2648,0.0
2649,0.501
2650,0.9103333333333333
2651,0.746
2652,0.152
2653,0.31533333333333335
2654,0.517
2655,0.298
2656,0.094
2657,0.21533333333333335
2658,0.687
2659,0.074
2660,0.4920833333333334
2661,0.001
2662,0.399
2663,0.31135714285714283
2664,0.22
2665,0.2774
2666,0.0
2667,0.1075
2668,0.0
2669,0.11
2670,0.19608333333333333
2671,0.085
2672,0.064
2673,0.6558333333333333
2674,0.187
2675,0.6876666666666666
2676,0.37599999999999995
2677,0.5316158730158728
2678,0.5
2679,0.924
2680,0.828
2681,0.05433333333333334
2682,0.197
2683,0.359
2684,0.55
2685,0.425
2686,0.7386666666666666
2687,0.218
2688,0.071
2689,0.07683333333333334
2690,0.2615
2691,0.584
2692,0.2283333333333333
2693,0.708
2694,0.2744162698412699
2695,0.3375
2696,0.069
2697,0.814
2698,0.62
2699,0.2361666666666667
2700,0.665
2701,0.16
2702,0.21983333333333335
2703,0.2455
2704,0.002
2705,0.5902416666666667
2706,0.004
2707,0.06118333333333334
2708,0.754
2709,0.8216666666666667
2710,0.098
2711,0.44083333333333335
2712,0.722
2713,0.4
2714,0.861
2715,0.28241666666666665
2716,0.067
2717,0.656
2718,0.775
2719,0.49
2720,0.1875
2721,0.648
2722,0.6965
2723,0.021
2724,0.132
2725,0.666
2726,0.411
2727,0.133
2728,0.511
2729,0.188
2730,0.086
2731,0.013750000000000002
2732,0.6172666666666666
2733,0.154
2734,0.266
2735,0.393
2736,0.144
2737,0.603
2738,0.688
2739,0.471
2740,0.5005
2741,0.31239523809523806
2742,0.2565
2743,0.301
2744,0.417
2745,0.805
2746,0.095
2747,0.05458333333333333
2748,0.585
2749,0.5995
2750,0.682
2751,0.56425
2752,0.405
2753,0.739
2754,0.618
2755,0.31076190476190435
2756,0.243
2757,0.1
2758,0.05725
2759,0.67875
2760,0.251
2761,0.462
2762,0.68
2763,0.36475
2764,0.224
2765,0.659
2766,0.80475
2767,0.16
2768,0.28551666666666664
2769,0.2885
2770,0.612
2771,0.775
2772,0.594
2773,0.036
2774,0.88
2775,0.734
2776,0.01935
2777,0.3308333333333333
2778,0.678
2779,0.189
2780,0.763790476190476
2781,0.04957864357864358
2782,0.024
2783,0.076
2784,0.137
2785,0.84
2786,0.786
2787,0.25101666666666667
2788,0.48945
2789,0.2849
2790,0.908
2791,0.507
2792,0.9039333333333333
2793,0.019819047619047618
2794,0.022
2795,0.18259999999999998
2796,0.567
2797,0.503
2798,0.251
2799,0.001
2800,0.0875
2801,0.054
2802,0.557
2803,0.8
2804,0.045
2805,0.73
2806,0.08280000000000001
2807,0.577
2808,0.318
2809,0.5308333333333335
2810,0.045
2811,0.2287
2812,0.2692
2813,0.003
2814,0.11991666666666666
2815,0.496
2816,0.07201666666666666
2817,0.39523333333333327
2818,0.1454547619047619
2819,0.673
2820,0.667
2821,0.262
2822,0.609
2823,0.24733333333333332
2824,0.246
2825,0.471
2826,0.5041833333333333
2827,0.377
2828,0.031
2829,0.318
2830,0.024083333333333335
2831,0.751
2832,0.376
2833,0.042
2834,0.033421428571428574
2835,0.10513333333333333
2836,0.353
2837,0.24722222222222223
2838,0.623
2839,0.357
2840,0.581
2841,0.0754261904761905
2842,0.551
2843,0.155
2844,0.014
2845,0.015
2846,0.023
2847,0.107
2848,0.6
2849,0.407
2850,0.011
2851,0.7743333333333333
2852,0.04
2853,0.339
2854,0.217
2855,0.03166666666666667
2856,0.092
2857,0.2091666666666667
2858,0.132
2859,0.274
2860,0.13958333333333334
2861,0.022
2862,0.368
2863,0.6378166666666666
2864,0.5185
2865,0.48025
2866,0.054
2867,0.056
2868,0.632
2869,0.42724999999999996
2870,0.56
2871,0.6578146825396828
2872,0.116
2873,0.169
2874,0.845
2875,0.027333333333333334
2876,0.09449999999999999
2877,0.284
2878,0.137
2879,0.003
2880,0.556
2881,0.925
2882,0.268
2883,0.329
2884,0.8894499999999999
2885,0.603
2886,0.3606666666666667
2887,0.564
2888,0.017
2889,0.364
2890,0.783
2891,0.409
2892,0.684
2893,0.884
2894,0.176
2895,0.7075
2896,0.667
2897,0.034
2898,0.265
2899,0.001
2900,0.698
2901,0.588
2902,0.179
2903,0.335
2904,0.25
2905,0.4145
2906,0.7523333333333333
2907,0.785
2908,0.193
2909,0.685
2910,0.692
2911,0.626
2912,0.037
2913,0.22
2914,0.899
2915,0.283
2916,0.639
2917,0.381
2918,0.069
2919,0.3
2920,0.191
2921,0.377
2922,0.14202857142857142
2923,0.506
2924,0.049
2925,0.745
2926,0.586
2927,0.0855
2928,0.051
2929,0.547
2930,0.162
2931,0.15183333333333335
2932,0.19
2933,0.291
2934,0.584
2935,0.465
2936,0.021
2937,0.753
2938,0.157
2939,0.762
2940,0.171
2941,0.451
2942,0.379
2943,0.163
2944,0.817
2945,0.10091666666666665
2946,0.545
2947,0.063
2948,0.1925
2949,0.877
2950,0.887
2951,0.274
2952,0.25615476190476194
2953,0.547
2954,0.004
2955,0.414
2956,0.82
2957,0.8393999999999999
2958,0.020916666666666663
2959,0.693
2960,0.539
2961,0.004
2962,0.86
2963,0.06133333333333333
2964,0.024
2965,0.266
2966,0.523
2967,0.101
2968,0.016
2969,0.3475
2970,0.281
2971,0.756
2972,0.905
2973,0.007
2974,0.224
2975,0.072
2976,0.601
2977,0.817
2978,0.161
2979,0.893
2980,0.085
2981,0.22373333333333334
2982,0.448
2983,0.06650476190476187
2984,0.135
2985,0.117
2986,0.052
2987,0.31316666666666665
2988,0.304
2989,0.441
2990,0.302
2991,0.602
2992,0.002
2993,0.011
2994,0.34898333333333337
2995,0.155
2996,0.21275
2997,0.26125
2998,0.192
2999,0.085
3000,0.47
3001,0.344
3002,0.549
3003,0.756
3004,0.757
3005,0.576
3006,0.21833333333333335
3007,0.58
3008,0.55
3009,0.0
3010,0.7250666666666667
3011,0.054
3012,0.448
3013,0.534
3014,0.073
3015,0.836
3016,0.1875
3017,0.4443333333333333
3018,0.78715
3019,0.789
3020,0.797
3021,0.009
3022,0.681
3023,0.0
3024,0.095
3025,0.03498968253968254
3026,0.036
3027,0.417
3028,0.367
3029,0.599
3030,0.575
3031,0.048
3032,0.0
3033,0.583
3034,0.06175
3035,0.346
3036,0.4656666666666666
3037,0.735
3038,0.001
3039,0.463
3040,0.003
3041,0.893
3042,0.769
3043,0.20833333333333334
3044,0.544
3045,0.0
3046,0.21819047619047618
3047,0.619
3048,0.729
3049,0.335
3050,0.428
3051,0.791
3052,0.746
3053,0.5815559523809521
3054,0.5204
3055,0.5783333333333334
3056,0.614
3057,0.116
3058,0.06058333333333333
3059,0.242
3060,0.21719999999999998
3061,0.4348702380952385
3062,0.023333333333333334
3063,0.5028333333333334
3064,0.4095
3065,0.045
3066,0.7249
3067,0.513
3068,0.177
3069,0.717
3070,0.356
3071,0.5916833333333333
3072,0.585
3073,0.288
3074,0.075
3075,0.003
3076,0.12
3077,0.11309999999999999
3078,0.515
3079,0.004
3080,0.002
3081,0.001
3082,0.107
3083,0.015
3084,0.01
3085,0.261
3086,0.444
3087,0.739
3088,0.2575
3089,0.676
3090,0.0
3091,0.353
3092,0.698
3093,0.4113333333333334
3094,0.369
3095,0.085
3096,0.569
3097,0.6015000000000001
3098,0.022
3099,0.505
3100,0.6226666666666667
3101,0.009
3102,0.5
3103,0.238
3104,0.639
3105,0.058616666666666664
3106,0.06466666666666666
3107,0.017904761904761906
3108,0.7854
3109,0.58
3110,0.05793333333333334
3111,0.4649
3112,0.29
3113,0.18
3114,0.48
3115,0.04642619047619047
3116,0.191
3117,0.009
3118,0.121
3119,0.157
3120,0.147
3121,0.285
3122,0.789
3123,0.16158333333333336
3124,0.554
3125,0.013
3126,0.795
3127,0.2
3128,0.078
3129,0.45866666666666667
3130,0.083
3131,0.038
3132,0.229
3133,0.703
3134,0.329
3135,0.195
3136,0.21202380952380953
3137,0.0
3138,0.48599999999999993
3139,0.2761666666666666
3140,0.22
3141,0.5716666666666667
3142,0.691
3143,0.721
3144,0.012
3145,0.2085
3146,0.071
3147,0.034
3148,0.696
3149,0.15265
3150,0.821
3151,0.256
3152,0.486
3153,0.003
3154,0.18725
3155,0.262
3156,0.507
3157,0.669
3158,0.41746666666666665
3159,0.169
3160,0.24458333333333335
3161,0.622
3162,0.10216666666666667
3163,0.37
3164,0.007
3165,0.045
3166,0.525
3167,0.23933333333333334
3168,0.789
3169,0.757
3170,0.43
3171,0.5994166666666666
3172,0.229
3173,0.24033333333333334
3174,0.603
3175,0.006
3176,0.17
3177,0.531
3178,0.3009166666666666
3179,0.14606666666666665
3180,0.69375
3181,0.608
3182,0.48166666666666663
3183,0.2914
3184,0.095
3185,0.24033333333333334
3186,0.09301666666666665
3187,0.0013333333333333333
3188,0.06273333333333332
3189,0.2445
3190,0.026
3191,0.303
3192,0.0019
3193,0.756
3194,0.5563333333333333
3195,0.03854166666666666
3196,0.874
3197,0.775
3198,0.607
3199,0.0015
3200,0.017833333333333333
3201,0.32199999999999995
3202,0.691
3203,0.822
3204,0.679
3205,0.288
3206,0.242
3207,0.10066666666666665
3208,0.221
3209,0.688
3210,0.679
3211,0.09981666666666666
3212,0.13
3213,0.586
3214,0.731
3215,0.003
3216,0.31349285714285713
3217,0.2555
3218,0.816
3219,0.83
3220,0.40223333333333333
3221,0.6645
3222,0.668
3223,0.592
3224,0.6443333333333334
3225,0.477
3226,0.29738333333333333
3227,0.292
3228,0.7115
3229,0.021
3230,0.794
3231,0.018
3232,0.093
3233,0.45
3234,0.4964833333333333
3235,0.4791
3236,0.36251666666666665
3237,0.6744047619047618
3238,0.042166666666666665
3239,0.008
3240,0.26733333333333337
3241,0.589
3242,0.507
3243,0.005
3244,0.06
3245,0.363
3246,0.09
3247,0.5998333333333332
3248,0.041
3249,0.3148833333333334
3250,0.49266666666666664
3251,0.007
3252,0.8567523809523809
3253,0.266
3254,0.053
3255,0.5549333333333334
3256,0.224
3257,0.457
3258,0.2115
3259,0.5712
3260,0.5885
3261,0.025368204834381302
3262,0.5
3263,0.094
3264,0.088
3265,0.039
3266,0.206
3267,0.262
3268,0.0
3269,0.076
3270,0.08166666666666665
3271,0.0
3272,0.728
3273,0.469
3274,0.138
3275,0.516
3276,0.495
3277,0.6047833333333335
3278,0.618
3279,0.1615
3280,0.782
3281,0.833
3282,0.07520714285714286
3283,0.004
3284,0.5053333333333333
3285,0.32
3286,0.183
3287,0.1178952380952381
3288,0.001
3289,0.08733333333333335
3290,0.2886333333333334
3291,0.0405
3292,0.691
3293,0.13566666666666666
3294,0.386
3295,0.5179166666666666
3296,0.592
3297,0.25
3298,0.706
3299,0.35
3300,0.02
3301,0.315
3302,0.066
3303,0.052
3304,0.156
3305,0.32766666666666666
3306,0.13641666666666669
3307,0.068
3308,0.0755
3309,0.189
3310,0.141
3311,0.039875
3312,0.707
3313,0.391
3314,0.019
3315,0.7766666666666667
3316,0.17
3317,0.11
3318,0.026166666666666668
3319,0.137
3320,0.231
3321,0.0075
3322,0.213
3323,0.518
3324,0.002
3325,0.695
3326,0.564
3327,0.053
3328,0.796
3329,0.734
3330,0.245
3331,0.734
3332,0.748
3333,0.28
3334,0.576
3335,0.25
3336,0.27975
3337,0.29316666666666663
3338,0.6633333333333332
3339,0.089
3340,0.24766666666666665
3341,0.649
3342,0.4646666666666667
3343,0.021
3344,0.013583333333333333
3345,0.9606666666666668
3346,0.3788333333333333
3347,0.909
3348,0.365
3349,0.203
3350,0.18905
3351,0.0025
3352,0.597
3353,0.8
3354,0.45875
3355,0.918
3356,0.666
3357,0.125
3358,0.304
3359,0.484
3360,0.105
3361,0.61
3362,0.48839999999999995
3363,0.579
3364,0.073
3365,0.6447
3366,0.011
3367,0.225
3368,0.126
3369,0.08950000000000001
3370,0.428
3371,0.413
3372,0.184
3373,0.16240000000000002
3374,0.34
3375,0.184
3376,0.035
3377,0.495
3378,0.213
3379,0.741
3380,0.366
3381,0.373
3382,0.066
3383,0.16987500000000003
3384,0.009
3385,0.6023333333333333
3386,0.627
3387,0.373
3388,0.777
3389,0.05933333333333333
3390,0.7756666666666666
3391,0.001
3392,0.27
3393,0.7071666666666667
3394,0.1948333333333333
3395,0.367
3396,0.304
3397,0.3086428571428571
3398,0.046
3399,0.643
3400,0.754
3401,0.10483333333333333
3402,0.705
3403,0.033
3404,0.1005
3405,0.026
3406,0.577
3407,0.805
3408,0.143
3409,0.357
3410,0.005
3411,0.145
3412,0.522
3413,0.095
3414,0.462
3415,0.213
3416,0.5146666666666666
3417,0.32552420634920604
3418,0.0235
3419,0.611
3420,0.584
3421,0.35980476190476196
3422,0.17723333333333335
3423,0.409
3424,0.856
3425,0.587
3426,0.28003333333333336
3427,0.121
3428,0.0725
3429,0.08805
3430,0.0715
3431,0.10616666666666667
3432,0.10470238095238096
3433,0.821
3434,0.152
3435,0.14458333333333334
3436,0.273
3437,0.0125
3438,0.4038333333333333
3439,0.213
3440,0.6864166666666667
3441,0.614
3442,0.388
3443,0.832
3444,0.194
3445,0.744
3446,0.429
3447,0.179
3448,0.569
3449,0.6942
3450,0.6647837301587305
3451,0.7
3452,0.3503333333333334
3453,0.11225
3454,0.49
3455,0.07183844627594635
3456,0.711
3457,0.304
3458,0.094
3459,0.0925
3460,0.06216666666666667
3461,0.157
3462,0.14855000000000002
3463,0.1465
3464,0.878
3465,0.255
3466,0.86
3467,0.104
3468,0.226
3469,0.03
3470,0.009
3471,0.067
3472,0.008
3473,0.167
3474,0.095
3475,0.7385
3476,0.004866666666666666
3477,0.106
3478,0.111
3479,0.679
3480,0.138
3481,0.023
3482,0.352
3483,0.035
3484,0.5633333333333332
3485,0.264
3486,0.002
3487,0.001
3488,0.171
3489,0.305
3490,0.208
3491,0.346
3492,0.628
3493,0.3594357142857143
3494,0.086
3495,0.132
3496,0.347
3497,0.6175214285714286
3498,0.23638333333333336
3499,0.24033333333333332
3500,0.768
3501,0.521
3502,0.372
3503,0.899
3504,0.21555000000000002
3505,0.629
3506,0.592
3507,0.617
3508,0.698
3509,0.785
3510,0.896
3511,0.851
3512,0.22208333333333335
3513,0.843
3514,0.7025833333333332
3515,0.827
3516,0.923
3517,0.4115
3518,0.6554
3519,0.915
3520,0.7581666666666667
3521,0.717
3522,0.633
3523,0.765
3524,0.10666666666666667
3525,0.864
3526,0.878
3527,0.82
3528,0.775
3529,0.964
3530,0.7934166666666667
3531,0.341
3532,0.78
3533,0.5615
3534,0.464
3535,0.859
3536,0.572
3537,0.886
3538,0.804
3539,0.499
3540,0.80125
3541,0.713
3542,0.878
3543,0.955
3544,0.758
3545,0.695
3546,0.38925
3547,0.756
3548,0.786
3549,0.708
3550,0.37789999999999996
3551,0.805
3552,0.588
3553,0.456
3554,0.5494
3555,0.353
3556,0.655
3557,0.673
3558,0.681
3559,0.89
3560,0.426
3561,0.4716
3562,0.233
3563,0.777
3564,0.848
3565,0.706
3566,0.32
3567,0.771
3568,0.281
3569,0.728
3570,0.7525
3571,0.706
3572,0.645
3573,0.861
3574,0.21533333333333335
3575,0.7385
3576,0.821
3577,0.19033571428571425
3578,0.868
3579,0.822
3580,0.27
3581,0.26533333333333337
3582,0.666
3583,0.4493333333333333
3584,0.844
3585,0.564
3586,0.821
3587,0.45875
3588,0.356
3589,0.514
3590,0.596
3591,0.707
3592,0.891
3593,0.353
3594,0.483
3595,0.715
3596,0.855
3597,0.112
3598,0.883
3599,0.349
3600,0.657
3601,0.794
3602,0.185
3603,0.772
3604,0.7187333333333333
3605,0.591
3606,0.434
3607,0.54
3608,0.7155
3609,0.43
3610,0.26
3611,0.7736666666666666
3612,0.7763333333333332
3613,0.08698333333333333
3614,0.099
3615,0.8613500000000001
3616,0.809
3617,0.189
3618,0.882
3619,0.838
3620,0.5562
3621,0.912
3622,0.6975
3623,0.794
3624,0.1545452380952381
3625,0.634
3626,0.669
3627,0.5099166666666666
3628,0.447
3629,0.95
3630,0.715
3631,0.801
3632,0.1532111111111111
3633,0.79
3634,0.575
3635,0.64
3636,0.264
3637,0.6895
3638,0.785
3639,0.495
3640,0.752
3641,0.825
3642,0.924
3643,0.637
3644,0.914
3645,0.798
3646,0.7346
3647,0.616
3648,0.724
3649,0.5352499999999999
3650,0.776
3651,0.857
3652,0.8024
3653,0.836
3654,0.558
3655,0.609
3656,0.69
3657,0.892
3658,0.758
3659,0.6095
3660,0.564
3661,0.7185380952380952
3662,0.755
3663,0.5630499999999999
3664,0.7038333333333333
3665,0.541
3666,0.565
3667,0.078
3668,0.6671333333333335
3669,0.774
3670,0.8155
3671,0.864
3672,0.632
3673,0.5825
3674,0.83
3675,0.459
3676,0.94
3677,0.831
3678,0.726
3679,0.31178333333333336
3680,0.23
3681,0.809
3682,0.885
3683,0.674
3684,0.4367
3685,0.749
3686,0.856
3687,0.878
3688,0.705
3689,0.765
3690,0.6327380952380952
3691,0.905
3692,0.833
3693,0.629
3694,0.827
3695,0.734
3696,0.641
3697,0.866
3698,0.729
3699,0.5341
3700,0.937
3701,0.573
3702,0.918
3703,0.731
3704,0.771
3705,0.607
3706,0.745
3707,0.8
3708,0.685
3709,0.961
3710,0.435
3711,0.913
3712,0.899
3713,0.734
3714,0.826
3715,0.904
3716,0.438
3717,0.936
3718,0.586
3719,0.894
3720,0.67
3721,0.384
3722,0.884
3723,0.841
3724,0.7595
3725,0.5441
3726,0.35316666666666663
3727,0.6055666666666666
3728,0.594
3729,0.916
3730,0.667
3731,0.553
3732,0.329
3733,0.296
3734,0.166
3735,0.666
3736,0.753
3737,0.695
3738,0.29966666666666664
3739,0.677
3740,0.682
3741,0.682
3742,0.6825
3743,0.616
3744,0.19
3745,0.773
3746,0.557
3747,0.672
3748,0.88
3749,0.719
3750,0.873
3751,0.645
3752,0.81
3753,0.798
3754,0.551
3755,0.552
3756,0.7844
3757,0.595
3758,0.657
3759,0.779
3760,0.334
3761,0.8115
3762,0.351
3763,0.762
3764,0.6873333333333332
3765,0.5209
3766,0.741
3767,0.612
3768,0.782
3769,0.75
3770,0.6281666666666668
3771,0.269
3772,0.672
3773,0.74775
3774,0.847
3775,0.5854
3776,0.908
3777,0.11009999999999999
3778,0.904
3779,0.7752452380952385
3780,0.894
3781,0.329
3782,0.553
3783,0.874
3784,0.533
3785,0.703
3786,0.752
3787,0.825
3788,0.919
3789,0.60815
3790,0.5647388888888888
3791,0.598
3792,0.231
3793,0.93
3794,0.17466666666666666
3795,0.392
3796,0.868
3797,0.928
3798,0.4411666666666667
3799,0.161
3800,0.013
3801,0.39483333333333337
3802,0.561
3803,0.7165
3804,0.8380833333333333
3805,0.709
3806,0.516
3807,0.617
3808,0.672
3809,0.807
3810,0.917
3811,0.004399999999999999
3812,0.728
3813,0.732
3814,0.17381666666666667
3815,0.005
3816,0.725
3817,0.814
3818,0.7216666666666667
3819,0.46802142857142853
3820,0.32463333333333333
3821,0.638
3822,0.903
3823,0.4023523809523809
3824,0.3005
3825,0.831
3826,0.06001428571428572
3827,0.517
3828,0.924
3829,0.496
3830,0.85
3831,0.364
3832,0.6931166666666668
3833,0.6061190476190477
3834,0.50025
3835,0.54
3836,0.9056000000000001
3837,0.734
3838,0.249
3839,0.805
3840,0.561
3841,0.741
3842,0.5210345238095239
3843,0.656
3844,0.6056666666666668
3845,0.4111
3846,0.858
3847,0.1115
3848,0.03183333333333333
3849,0.801
3850,0.801
3851,0.13310714285714292
3852,0.809
3853,0.875
3854,0.957
3855,0.4437833333333333
3856,0.752
3857,0.35635
3858,0.882
3859,0.030416666666666668
3860,0.739
3861,0.846
3862,0.5795714285714285
3863,0.7226666666666668
3864,0.637
3865,0.811
3866,0.843
3867,0.596
3868,0.196
3869,0.215
3870,0.401
3871,0.346
3872,0.6255833333333334
3873,0.79
3874,0.218
3875,0.658
3876,0.688
3877,0.857
3878,0.798
3879,0.753
3880,0.853
3881,0.7216999999999999
3882,0.711
3883,0.501
3884,0.655
3885,0.246
3886,0.883
3887,0.544
3888,0.2824999999999999
3889,0.764
3890,0.539
3891,0.766
3892,0.6986666666666668
3893,0.915
3894,0.7578333333333332
3895,0.697
3896,0.709
3897,0.804
3898,0.929
3899,0.886
3900,0.707
3901,0.737
3902,0.776
3903,0.8781666666666668
3904,0.881
3905,0.075
3906,0.795
3907,0.735
3908,0.443
3909,0.1855
3910,0.697
3911,0.196
3912,0.5088214285714282
3913,0.502
3914,0.784
3915,0.295
3916,0.314
3917,0.5488999999999998
3918,0.846
3919,0.866
3920,0.835
3921,0.704
3922,0.83
3923,0.7644166666666667
3924,0.586
3925,0.818
3926,0.71
3927,0.821
3928,0.28523095238095236
3929,0.889
3930,0.907
3931,0.901
3932,0.67515
3933,0.6268166666666667
3934,0.866
3935,0.4769999999999999
3936,0.807
3937,0.707
3938,0.848
3939,0.7462000000000001
3940,0.433
3941,0.549
3942,0.824
3943,0.538
3944,0.684
3945,0.686
3946,0.6481
3947,0.826
3948,0.5696166666666667
3949,0.282
3950,0.747
3951,0.878
3952,0.646
3953,0.348
3954,0.043
3955,0.61
3956,0.854
3957,0.03833333333333333
3958,0.27133333333333337
3959,0.588
3960,0.6331666666666667
3961,0.833
3962,0.596
3963,0.599
3964,0.094
3965,0.5071666666666667
3966,0.701
3967,0.703
3968,0.393
3969,0.896
3970,0.834
3971,0.7106666666666668
3972,0.8309999999999998
3973,0.831
3974,0.3620333333333333
3975,0.79
3976,0.876
3977,0.721
3978,0.869
3979,0.39385000000000003
3980,0.658
3981,0.8599119047619046
3982,0.71
3983,0.16124047619047613
3984,0.912
3985,0.813
3986,0.748
3987,0.657
3988,0.565
3989,0.503
3990,0.40675
3991,0.01475
3992,0.6361107142857138
3993,0.864
3994,0.533
3995,0.643
3996,0.80175
3997,0.916
3998,0.4684952380952381
3999,0.741
4000,0.857
4001,0.7253333333333334
4002,0.7
4003,0.856
4004,0.691
4005,0.609
4006,0.842
4007,0.833
4008,0.816
4009,0.847
4010,0.317
4011,0.635
4012,0.692
4013,0.6695
4014,0.787
4015,0.83
4016,0.587
4017,0.437
4018,0.2085
4019,0.764
4020,0.643
4021,0.803
4022,0.809
4023,0.72375
4024,0.4475
4025,0.76325
4026,0.804
4027,0.7609785714285715
4028,0.955
4029,0.805
4030,0.585
4031,0.691
4032,0.662
4033,0.809
4034,0.867
4035,0.665
4036,0.77
4037,0.914
4038,0.74
4039,0.573
4040,0.9
4041,0.797
4042,0.3905
4043,0.669
4044,0.906
4045,0.8064666666666664
4046,0.626
4047,0.909
4048,0.953
4049,0.248
4050,0.569
4051,0.605
4052,0.6
4053,0.889
4054,0.865
4055,0.796
4056,0.679
4057,0.396
4058,0.717
4059,0.531
4060,0.6295
4061,0.941
4062,0.2745301587301588
4063,0.653
4064,0.624
4065,0.801
4066,0.3135
4067,0.752
4068,0.861
4069,0.754
4070,0.757
4071,0.872
4072,0.805
4073,0.2526333333333333
4074,0.531
4075,0.333
4076,0.243
4077,0.637
4078,0.07428571428571427
4079,0.49
4080,0.788
4081,0.733
4082,0.699
4083,0.872
4084,0.928
4085,0.836
4086,0.683
4087,0.8136666666666668
4088,0.803
4089,0.6593333333333332
4090,0.7519333333333333
4091,0.764
4092,0.35141666666666665
4093,0.715
4094,0.845
4095,0.82685
4096,0.819
4097,0.31866666666666665
4098,0.854
4099,0.7444999999999999
4100,0.6095
4101,0.839
4102,0.843
4103,0.803
4104,0.935
4105,0.44366666666666665
4106,0.028499999999999998
4107,0.844
4108,0.962
4109,0.745
4110,0.905
4111,0.165
4112,0.889
4113,0.852
4114,0.889
4115,0.4295
4116,0.46825
4117,0.7694166666666667
4118,0.77
4119,0.183
4120,0.4211666666666667
4121,0.712
4122,0.562
4123,0.3885
4124,0.04675
4125,0.844
4126,0.527
4127,0.8533976190476189
4128,0.354
4129,0.473
4130,0.7561666666666668
4131,0.543
4132,0.371
4133,0.766
4134,0.358
4135,0.81475
4136,0.859
4137,0.747
4138,0.50415
4139,0.866
4140,0.8013333333333333
4141,0.697
4142,0.601
4143,0.6997000000000001
4144,0.615
4145,0.663
4146,0.5221333333333333
4147,0.757
4148,0.526
4149,0.937
4150,0.865
4151,0.607
4152,0.414
4153,0.09666666666666665
4154,0.852
4155,0.35144007936507915
4156,0.763
4157,0.6331833333333333
4158,0.3065
4159,0.685
4160,0.507
4161,0.664
4162,0.531
4163,0.773
4164,0.39875
4165,0.819
4166,0.858
4167,0.595
4168,0.5255
4169,0.779
4170,0.051333333333333335
4171,0.6611666666666668
4172,0.856
4173,0.7941666666666666
4174,0.77
4175,0.713
4176,0.794
4177,0.917
4178,0.604
4179,0.622
4180,0.929
4181,0.755
4182,0.908
4183,0.591
4184,0.854
4185,0.3479166666666667
4186,0.903
4187,0.741
4188,0.48316666666666663
4189,0.6093333333333333
4190,0.7448499999999999
4191,0.875
4192,0.766
4193,0.873
4194,0.244
4195,0.791
4196,0.775
4197,0.5264000000000001
4198,0.773
4199,0.657
4200,0.8925
4201,0.4
4202,0.24281666666666663
4203,0.451
4204,0.559
4205,0.4265
4206,0.60125
4207,0.793
4208,0.955
4209,0.4691666666666667
4210,0.418
4211,0.45
4212,0.788
4213,0.855
4214,0.793
4215,0.69225
4216,0.042
4217,0.7005
4218,0.639
4219,0.642
4220,0.583
4221,0.58
4222,0.172
4223,0.803
4224,0.707
4225,0.756
4226,0.5372
4227,0.314
4228,0.759
4229,0.481
4230,0.661
4231,0.855
4232,0.85
4233,0.146
4234,0.344
4235,0.742
4236,0.7460333333333333
4237,0.7965
4238,0.509
4239,0.4691666666666667
4240,0.763
4241,0.726
4242,0.779
4243,0.671
4244,0.5697904761904762
4245,0.537
4246,0.8933333333333333
4247,0.736
4248,0.5216666666666667
4249,0.908
4250,0.872
4251,0.257
4252,0.899
4253,0.494
4254,0.409
4255,0.09733333333333333
4256,0.9
4257,0.19
4258,0.682
4259,0.673
4260,0.882
4261,0.7315
4262,0.6684
4263,0.12
4264,0.3705833333333333
4265,0.7966666666666666
4266,0.817
4267,0.735
4268,0.38
4269,0.593
4270,0.921
4271,0.829
4272,0.85
4273,0.694
4274,0.055
4275,0.589
4276,0.473
4277,0.396
4278,0.671
4279,0.809
4280,0.61025
4281,0.585
4282,0.4454333333333334
4283,0.42
4284,0.573
4285,0.556
4286,0.874
4287,0.2589166666666667
4288,0.5863333333333334
4289,0.676
4290,0.8946666666666666
4291,0.3859919913419915
4292,0.312
4293,0.687
4294,0.898
4295,0.755
4296,0.738
4297,0.895
4298,0.3965
4299,0.788
4300,0.806
4301,0.651
4302,0.892
4303,0.693
4304,0.915
4305,0.817
4306,0.637
4307,0.26
4308,0.52875
4309,0.713
4310,0.703
4311,0.887
4312,0.693
4313,0.755
4314,0.912
4315,0.356
4316,0.5856571428571429
4317,0.787
4318,0.187
4319,0.6353166666666666
4320,0.857
4321,0.814
4322,0.8625
4323,0.79
4324,0.537
4325,0.4345
4326,0.467
4327,0.624
4328,0.602
4329,0.5399166666666667
4330,0.935
4331,0.602
4332,0.952
4333,0.3055583333333333
4334,0.355
4335,0.6874333333333333
4336,0.678
4337,0.6196071428571432
4338,0.86
4339,0.565
4340,0.616
4341,0.859
4342,0.6852261904761904
4343,0.953
4344,0.3235
4345,0.5282500000000001
4346,0.81
4347,0.903
4348,0.579
4349,0.725
4350,0.513
4351,0.831
4352,0.737
4353,0.84
4354,0.753
4355,0.851
4356,0.538
4357,0.781
4358,0.884
4359,0.909
4360,0.95
4361,0.926
4362,0.396
4363,0.752
4364,0.816
4365,0.633
4366,0.489
4367,0.7139166666666668
4368,0.665
4369,0.8261666666666666
4370,0.3875166666666667
4371,0.754
4372,0.772
4373,0.749
4374,0.5153333333333334
4375,0.794
4376,0.538
4377,0.028
4378,0.735
4379,0.47916666666666663
4380,0.748
4381,0.735
4382,0.909
4383,0.624
4384,0.819
4385,0.711
4386,0.642
4387,0.872
4388,0.6341666666666667
4389,0.8575
4390,0.5001214285714285
4391,0.793
4392,0.794
4393,0.763
4394,0.92
4395,0.038
4396,0.952
4397,0.489
4398,0.64
4399,0.66
4400,0.234
4401,0.723
4402,0.5638333333333334
4403,0.644
4404,0.789
4405,0.94
4406,0.789
4407,0.768
4408,0.721
4409,0.14176666666666665
4410,0.905
4411,0.841
4412,0.922
4413,0.5595
4414,0.666
4415,0.77
4416,0.582
4417,0.459
4418,0.703
4419,0.89
4420,0.615
4421,0.3046666666666667
4422,0.915
4423,0.823
4424,0.48225
4425,0.68125
4426,0.667
4427,0.571
4428,0.899
4429,0.6774166666666667
4430,0.38
4431,0.8945
4432,0.17860000000000004
4433,0.8047833333333334
4434,0.845
4435,0.6669666666666667
4436,0.243
4437,0.7955
4438,0.7581666666666668
4439,0.755
4440,0.6105
4441,0.38780000000000003
4442,0.679
4443,0.692
4444,0.792
4445,0.606
4446,0.905
4447,0.9075
4448,0.5191666666666667
4449,0.791
4450,0.718
4451,0.824
4452,0.714
4453,0.81
4454,0.6675833333333334
4455,0.787
4456,0.941
4457,0.8823333333333333
4458,0.8358
4459,0.873
4460,0.897
4461,0.688
4462,0.868
4463,0.5895166666666666
4464,0.928
4465,0.704
4466,0.862
4467,0.424
4468,0.883
4469,0.777
4470,0.61775
4471,0.5943333333333334
4472,0.722
4473,0.772
4474,0.549
4475,0.886
4476,0.694
4477,0.56
4478,0.671
4479,0.5311142857142858
4480,0.847
4481,0.2015
4482,0.702
4483,0.846
4484,0.805
4485,0.519
4486,0.803
4487,0.4016
4488,0.84
4489,0.6285
4490,0.934
4491,0.685
4492,0.363
4493,0.767
4494,0.78
4495,0.562
4496,0.7
4497,0.8335
4498,0.3286813492063491
4499,0.2859
4500,0.467
4501,0.85
4502,0.6426000000000001
4503,0.7355
4504,0.785
4505,0.939
4506,0.736
4507,0.783
4508,0.816
4509,0.78775
4510,0.793
4511,0.2432
4512,0.459
4513,0.384
4514,0.55
4515,0.547
4516,0.7675
4517,0.758
4518,0.609
4519,0.678
4520,0.358
4521,0.926
4522,0.8438166666666667
4523,0.594
4524,0.8918333333333333
4525,0.696
4526,0.914
4527,0.859
4528,0.7898999999999998
4529,0.686
4530,0.738
4531,0.8137333333333333
4532,0.937
4533,0.553
4534,0.836
4535,0.6734666666666667
4536,0.332
4537,0.779
4538,0.5229333333333334
4539,0.544
4540,0.79755
4541,0.655
4542,0.597
4543,0.7893333333333332
4544,0.8524285714285714
4545,0.681
4546,0.758
4547,0.832
4548,0.63
4549,0.706
4550,0.722
4551,0.943
4552,0.838
4553,0.62
4554,0.5196666666666667
4555,0.203
4556,0.472
4557,0.3685833333333333
4558,0.833
4559,0.836
4560,0.875
4561,0.907
4562,0.5695
4563,0.4594333333333334
4564,0.787
4565,0.4605000000000001
4566,0.6338499999999999
4567,0.88
4568,0.47633333333333333
4569,0.747
4570,0.693
4571,0.76
4572,0.63475
4573,0.795
4574,0.884
4575,0.708
4576,0.823
4577,0.127
4578,0.4455
4579,0.18008333333333335
4580,0.5631666666666667
4581,0.66
4582,0.574
4583,0.126
4584,0.815
4585,0.3137142857142857
4586,0.813
4587,0.7371
4588,0.025833333333333333
4589,0.078
4590,0.7300833333333334
4591,0.6894
4592,0.443
4593,0.352
4594,0.369
4595,0.757
4596,0.584
4597,0.165
4598,0.5643333333333334
4599,0.574
4600,0.021
4601,0.805
4602,0.873
4603,0.785
4604,0.706
4605,0.717
4606,0.402
4607,0.869
4608,0.45216666666666666
4609,0.672
4610,0.6126666666666667
4611,0.717
4612,0.4925166666666668
4613,0.3175
4614,0.724
4615,0.6555
4616,0.87
4617,0.974
4618,0.472
4619,0.246
4620,0.727
4621,0.724
4622,0.713
4623,0.7208333333333332
4624,0.644
4625,0.695
4626,0.87
4627,0.747
4628,0.837
4629,0.733
4630,0.831
4631,0.895
4632,0.673
4633,0.94
4634,0.736
4635,0.708
4636,0.06703809523809524
4637,0.546
4638,0.855
4639,0.679
4640,0.4248952380952378
4641,0.812
4642,0.7265
4643,0.6935
4644,0.673
4645,0.546
4646,0.818
4647,0.898
4648,0.511
4649,0.865
4650,0.819
4651,0.661
4652,0.671
4653,0.352
4654,0.045599999999999995
4655,0.91
4656,0.312
4657,0.456
4658,0.672
4659,0.861
4660,0.186
4661,0.652
4662,0.742
4663,0.549
4664,0.8698333333333332
4665,0.687
4666,0.3206666666666667
4667,0.844
4668,0.7888071428571428
4669,0.881
4670,0.825
4671,0.494
4672,0.639345238095238
4673,0.802
4674,0.789
4675,0.846
4676,0.524
4677,0.669
4678,0.903
4679,0.724
4680,0.078
4681,0.924
4682,0.934
4683,0.4895
4684,0.893
4685,0.629
4686,0.4995
4687,0.908
4688,0.5806
4689,0.875
4690,0.77375
4691,0.625
4692,0.652
4693,0.695
4694,0.778
4695,0.9262619047619047
4696,0.706
4697,0.273
4698,0.534
4699,0.903
4700,0.7499785714285713
4701,0.72
4702,0.593
4703,0.789
4704,0.9
4705,0.829
4706,0.35584523809523805
4707,0.559
4708,0.6427666666666668
4709,0.752
4710,0.6648333333333334
4711,0.907
4712,0.727
4713,0.942
4714,0.595
4715,0.859
4716,0.752
4717,0.847
4718,0.731
4719,0.89
4720,0.826
4721,0.22091666666666665
4722,0.136
4723,0.485
4724,0.71
4725,0.801
4726,0.878
4727,0.605
4728,0.493
4729,0.846
4730,0.845
4731,0.3425
4732,0.83
4733,0.709
4734,0.625
4735,0.847
4736,0.322
4737,0.593
4738,0.791
4739,0.317
4740,0.713
4741,0.73
4742,0.813
4743,0.5896666666666668
4744,0.71
4745,0.843
4746,0.52
4747,0.853
4748,0.907
4749,0.566
4750,0.57
4751,0.622445238095238
4752,0.888
4753,0.5989714285714285
4754,0.862
4755,0.744
4756,0.7153333333333333
4757,0.932
4758,0.637
4759,0.076
4760,0.798
4761,0.8468452380952382
4762,0.9569166666666667
4763,0.823
4764,0.729
4765,0.473
4766,0.947
4767,0.689
4768,0.4451666666666667
4769,0.419
4770,0.73625
4771,0.38
4772,0.61045
4773,0.711
4774,0.6940666666666667
4775,0.94
4776,0.788
4777,0.875
4778,0.535
4779,0.702
4780,0.3237333333333334
4781,0.382
4782,0.6720833333333331
4783,0.237
4784,0.476
4785,0.817
4786,0.7422666666666666
4787,0.775
4788,0.503
4789,0.887
4790,0.312
4791,0.7464166666666666
4792,0.509
4793,0.903
4794,0.966
4795,0.92
4796,0.25499999999999995
4797,0.74
4798,0.8754726190476191
4799,0.38375
4800,0.6
4801,0.808
4802,0.398
4803,0.753
4804,0.58675
4805,0.783
4806,0.66
4807,0.776
4808,0.867
4809,0.839
4810,0.512
4811,0.703
4812,0.875
4813,0.846
4814,0.377
4815,0.932
4816,0.518
4817,0.4225
4818,0.488
4819,0.813
4820,0.57
4821,0.544
4822,0.867
4823,0.6716666666666667
4824,0.8215
4825,0.5995365079365078
4826,0.8474666666666666
4827,0.827
4828,0.813
4829,0.927
4830,0.875
4831,0.77
4832,0.48473333333333335
4833,0.276
4834,0.11183333333333333
4835,0.905
4836,0.843
4837,0.455
4838,0.842
4839,0.20606666666666668
4840,0.831
4841,0.5312666666666667
4842,0.555
4843,0.863
4844,0.7594500000000001
4845,0.923
4846,0.623
4847,0.864
4848,0.7399392857142857
4849,0.1938
4850,0.644
4851,0.4163333333333334
4852,0.863
4853,0.667
4854,0.211
4855,0.937
4856,0.767
4857,0.113
4858,0.4
4859,0.769
4860,0.634
4861,0.634
4862,0.641
4863,0.789
4864,0.764
4865,0.46697738095238084
4866,0.619
4867,0.4328333333333333
4868,0.4550476190476191
4869,0.732
4870,0.212
4871,0.768
4872,0.746
4873,0.793
4874,0.796
4875,0.929
4876,0.759
4877,0.786
4878,0.403
4879,0.662
4880,0.7701666666666667
4881,0.382
4882,0.931
4883,0.8828333333333334
4884,0.6553333333333333
4885,0.845
4886,0.674
4887,0.5498166666666666
4888,0.521
4889,0.6034829365079365
4890,0.511
4891,0.899
4892,0.854
4893,0.566
4894,0.714
4895,0.919
4896,0.6393333333333334
4897,0.868
4898,0.885
4899,0.5201761904761906
4900,0.81
4901,0.873
4902,0.903
4903,0.817
4904,0.881
4905,0.446
4906,0.747
4907,0.708
4908,0.976
4909,0.726
4910,0.707
4911,0.37049999999999994
4912,0.483
4913,0.343
4914,0.927
4915,0.003
4916,0.404
4917,0.722
4918,0.944
4919,0.611
4920,0.7728833333333335
4921,0.905
4922,0.893
4923,0.832
4924,0.888
4925,0.685
4926,0.8055
4927,0.506
4928,0.898
4929,0.742
4930,0.82
4931,0.8515
4932,0.851
4933,0.888
4934,0.91
4935,0.76
4936,0.854
4937,0.777
4938,0.516
4939,0.802
4940,0.493
4941,0.779
4942,0.943
4943,0.725
4944,0.759
4945,0.892
4946,0.789
4947,0.4
4948,0.766
4949,0.733
4950,0.604
4951,0.5195
4952,0.381
4953,0.755
4954,0.751
4955,0.5228452380952381
4956,0.892
4957,0.54
4958,0.84725
4959,0.4313666666666666
4960,0.688
4961,0.85
4962,0.789
4963,0.7863333333333334
4964,0.278
4965,0.06183333333333333
4966,0.636
4967,0.6705
4968,0.464
4969,0.761
4970,0.934
4971,0.28
4972,0.491
4973,0.8765
4974,0.5570833333333334
4975,0.6795833333333333
4976,0.69925
4977,0.782
4978,0.675
4979,0.6665
4980,0.76335
4981,0.012
4982,0.3665535714285714
4983,0.688
4984,0.79
4985,0.818
4986,0.789
4987,0.894
4988,0.757
4989,0.707
4990,0.81
4991,0.876
4992,0.7373333333333334
4993,0.764
4994,0.8113333333333332
4995,0.583
4996,0.767
4997,0.925
4998,0.411
4999,0.777
5000,0.809
5001,0.639
5002,0.83
5003,0.516
5004,0.4179999999999999
5005,0.781
5006,0.186
5007,0.857
5008,0.928
5009,0.6522
5010,0.6278666666666668
5011,0.82
5012,0.7085
5013,0.819
5014,0.87
5015,0.638
5016,0.856
5017,0.86
5018,0.88
5019,0.372
5020,0.5642666666666667
5021,0.896
5022,0.4973333333333333
5023,0.4594404761904762
5024,0.647
5025,0.801
5026,0.8386666666666668
5027,0.747
5028,0.625
5029,0.86
5030,0.42923571428571433
5031,0.806
5032,0.827
5033,0.854
5034,0.672
5035,0.544
5036,0.009
5037,0.553
5038,0.951
5039,0.851
5040,0.185
5041,0.20663333333333334
5042,0.781
5043,0.913
5044,0.903
5045,0.41353333333333336
5046,0.574
5047,0.825
5048,0.819
5049,0.7222166666666667
5050,0.148
5051,0.562
5052,0.807
5053,0.826
5054,0.5735
5055,0.675
5056,0.259
5057,0.572
5058,0.443
5059,0.768
5060,0.836
5061,0.777
5062,0.898
5063,0.709
5064,0.4325
5065,0.878
5066,0.716
5067,0.602
5068,0.5852428571428572
5069,0.712
5070,0.8
5071,0.467
5072,0.6660999999999999
5073,0.57
5074,0.185
5075,0.372
5076,0.795
5077,0.822
5078,0.6172547619047619
5079,0.65675
5080,0.711
5081,0.909
5082,0.803
5083,0.701
5084,0.7725
5085,0.828
5086,0.21983333333333335
5087,0.4256666666666667
5088,0.7868333333333333
5089,0.904
5090,0.7464166666666667
5091,0.803
5092,0.623
5093,0.33
5094,0.736
5095,0.4154722222222222
5096,0.379
5097,0.744
5098,0.934
5099,0.784
5100,0.639
5101,0.726
5102,0.526
5103,0.774
5104,0.658
5105,0.769
5106,0.848
5107,0.5701738095238095
5108,0.461
5109,0.7221666666666666
5110,0.777
5111,0.952
5112,0.8903333333333334
5113,0.945
5114,0.668
5115,0.206
5116,0.444
5117,0.15025
5118,0.763
5119,0.631
5120,0.81
5121,0.861
5122,0.264
5123,0.756
5124,0.825
5125,0.685
5126,0.881
5127,0.84
5128,0.799
5129,0.256
5130,0.852
5131,0.9095
5132,0.768
5133,0.82
5134,0.699
5135,0.8
5136,0.435
5137,0.873
5138,0.777
5139,0.4573333333333333
5140,0.3545
5141,0.8627499999999999
5142,0.7851666666666667
5143,0.613
5144,0.337
5145,0.771
5146,0.8018333333333334
5147,0.358
5148,0.692
5149,0.743
5150,0.637
5151,0.761
5152,0.658
5153,0.6451
5154,0.6
5155,0.796
5156,0.681
5157,0.825
5158,0.722
5159,0.69
5160,0.828
5161,0.412
5162,0.892
5163,0.853
5164,0.4460333333333332
5165,0.28175
5166,0.51
5167,0.525
5168,0.4936666666666667
5169,0.733
5170,0.849
5171,0.5438166666666666
5172,0.648
5173,0.743
5174,0.899
5175,0.763
5176,0.7423333333333333
5177,0.549
5178,0.8
5179,0.046
5180,0.591
5181,0.185
5182,0.757
5183,0.6314666666666665
5184,0.509
5185,0.718
5186,0.836
5187,0.704
5188,0.5355
5189,0.913
5190,0.15583333333333335
5191,0.888
5192,0.694
5193,0.6753333333333332
5194,0.679
5195,0.465
5196,0.1
5197,0.7803333333333333
5198,0.904
5199,0.785
5200,0.068
5201,0.833
5202,0.801
5203,0.763
5204,0.8289166666666666
5205,0.5656666666666668
5206,0.703
5207,0.739
5208,0.697
5209,0.12325
5210,0.892
5211,0.48427619047619047
5212,0.783
5213,0.897
5214,0.912
5215,0.83
5216,0.357
5217,0.913
5218,0.292
5219,0.869
5220,0.6263333333333333
5221,0.913
5222,0.78
5223,0.7856666666666667
5224,0.426
5225,0.702
5226,0.707
5227,0.847
5228,0.3226785714285714
5229,0.771
5230,0.611
5231,0.627
5232,0.696
5233,0.753
5234,0.879
5235,0.544
5236,0.369
5237,0.304
5238,0.856
5239,0.568
5240,0.848
5241,0.3998333333333333
5242,0.943
5243,0.751
5244,0.731
5245,0.394
5246,0.524
5247,0.749
5248,0.729
5249,0.936
5250,0.763
5251,0.859
5252,0.5766833333333334
5253,0.786
5254,0.843
5255,0.365
5256,0.743
5257,0.748
5258,0.6578476190476189
5259,0.794
5260,0.856
5261,0.679
5262,0.7643333333333333
5263,0.789
5264,0.586
5265,0.8818333333333332
5266,0.493
5267,0.706
5268,0.738
5269,0.79265
5270,0.8043333333333332
5271,0.5721499999999999
5272,0.774
5273,0.678
5274,0.969
5275,0.937
5276,0.599
5277,0.506
5278,0.797
5279,0.643
5280,0.642
5281,0.836
5282,0.7335380952380951
5283,0.632
5284,0.644
5285,0.577
5286,0.7099500000000001
5287,0.892
5288,0.75025
5289,0.595
5290,0.829
5291,0.827
5292,0.93
5293,0.798
5294,0.6295
5295,0.748
5296,0.15259999999999999
5297,0.3379166666666667
5298,0.744
5299,0.773
5300,0.568
5301,0.699
5302,0.43033333333333335
5303,0.362
5304,0.5053166666666665
5305,0.865
5306,0.879
5307,0.686
5308,0.892
5309,0.7567738095238097
5310,0.2856666666666667
5311,0.749
5312,0.787
5313,0.65
5314,0.842
5315,0.595
5316,0.721
5317,0.539
5318,0.833
5319,0.4203
5320,0.235
5321,0.7908333333333334
5322,0.724
5323,0.3153333333333333
5324,0.652
5325,0.3392
5326,0.608
5327,0.776
5328,0.2465
5329,0.324
5330,0.6405
5331,0.0215
5332,0.845
5333,0.433
5334,0.911
5335,0.5351642857142855
5336,0.178
5337,0.3661666666666667
5338,0.436
5339,0.467
5340,0.5686666666666667
5341,0.49696666666666667
5342,0.862
5343,0.886
5344,0.905
5345,0.407
5346,0.935
5347,0.292
5348,0.831
5349,0.15050000000000002
5350,0.709
5351,0.771
5352,0.3886666666666666
5353,0.649
5354,0.468
5355,0.841
5356,0.6223333333333333
5357,0.844
5358,0.641
5359,0.168
5360,0.3655
5361,0.584
5362,0.333
5363,0.539
5364,0.40042857142857147
5365,0.806
5366,0.846
5367,0.069
5368,0.441
5369,0.5103333333333334
5370,0.7765
5371,0.829
5372,0.892
5373,0.936
5374,0.89
5375,0.834
5376,0.517
5377,0.8616666666666667
5378,0.384
5379,0.837
5380,0.845
5381,0.959
5382,0.451
5383,0.094
5384,0.83
5385,0.6376666666666667
5386,0.7156952380952379
5387,0.193
5388,0.883
5389,0.885
5390,0.777
5391,0.158
5392,0.541
5393,0.754
5394,0.79
5395,0.699
5396,0.802
5397,0.86
5398,0.002
5399,0.129
5400,0.904
5401,0.603
5402,0.200375
5403,0.704
5404,0.776
5405,0.716
5406,0.6859666666666666
5407,0.4080392857142856
5408,0.959
5409,0.916
5410,0.923
5411,0.861
5412,0.58
5413,0.3
5414,0.869
5415,0.7937500000000001
5416,0.299
5417,0.525
5418,0.689
5419,0.79
5420,0.539
5421,0.639
5422,0.6003333333333334
5423,0.81
5424,0.693
5425,0.696
5426,0.886
5427,0.70775
5428,0.206
5429,0.89
5430,0.914
5431,0.455
5432,0.6880190476190475
5433,0.716
5434,0.824
5435,0.841
5436,0.802
5437,0.923
5438,0.661
5439,0.381
5440,0.47060833333333335
5441,0.879
5442,0.832
5443,0.767
5444,0.747
5445,0.6141666666666667
5446,0.923
5447,0.789
5448,0.7025
5449,0.683
5450,0.543
5451,0.5205
5452,0.816
5453,0.564
5454,0.6263333333333333
5455,0.776
5456,0.596
5457,0.755
5458,0.9114833333333332
5459,0.495
5460,0.8
5461,0.434
5462,0.778
5463,0.713
5464,0.687
5465,0.839
5466,0.762
5467,0.875
5468,0.826
5469,0.842
5470,0.792
5471,0.6535
5472,0.373
5473,0.728
5474,0.8145
5475,0.131
5476,0.5864166666666666
5477,0.831
5478,0.712
5479,0.572
5480,0.906
5481,0.355
5482,0.743
5483,0.734
5484,0.693
5485,0.842
5486,0.848
5487,0.816
5488,0.7903333333333333
5489,0.7945000000000001
5490,0.854
5491,0.48
5492,0.519
5493,0.442
5494,0.763
5495,0.7
5496,0.708
5497,0.819
5498,0.691
5499,0.853
5500,0.3432
5501,0.565
5502,0.722
5503,0.822
5504,0.89
5505,0.524
5506,0.564
5507,0.613
5508,0.022
5509,0.7066666666666667
5510,0.612
5511,0.362
5512,0.6760833333333333
5513,0.936
5514,0.857
5515,0.35475
5516,0.84
5517,0.2341666666666667
5518,0.685
5519,0.855
5520,0.816
5521,0.24226666666666669
5522,0.758
5523,0.801
5524,0.091
5525,0.792
5526,0.5349357142857142
5527,0.4598333333333333
5528,0.08183333333333334
5529,0.5243333333333333
5530,0.925
5531,0.5045
5532,0.715
5533,0.732
5534,0.4794166666666666
5535,0.77
5536,0.6728333333333333
5537,0.11116666666666668
5538,0.693
5539,0.536
5540,0.684
5541,0.49398333333333333
5542,0.936
5543,0.91
5544,0.3457
5545,0.4812666666666667
5546,0.336
5547,0.748
5548,0.806
5549,0.533
5550,0.3535
5551,0.745
5552,0.808
5553,0.4098333333333334
5554,0.667
5555,0.797
5556,0.6542
5557,0.373
5558,0.708
5559,0.7296
5560,0.6686666666666667
5561,0.7772999999999999
5562,0.902
5563,0.377
5564,0.571
5565,0.86
5566,0.669
5567,0.883
5568,0.893
5569,0.868
5570,0.669
5571,0.614
5572,0.735
5573,0.902
5574,0.15906666666666666
5575,0.815
5576,0.816
5577,0.9136666666666666
5578,0.584
5579,0.54425
5580,0.868
5581,0.8573333333333333
5582,0.427
5583,0.08333333333333334
5584,0.831
5585,0.70675
5586,0.7306666666666666
5587,0.7375
5588,0.27507857142857134
5589,0.665
5590,0.8695666666666667
5591,0.6411119047619048
5592,0.883
5593,0.545
5594,0.722
5595,0.6282000000000001
5596,0.879
5597,0.335
5598,0.869
5599,0.784
5600,0.783
5601,0.751
5602,0.701
5603,0.9115
5604,0.6126666666666667
5605,0.63025
5606,0.487
5607,0.877
5608,0.12333333333333332
5609,0.548
5610,0.913
5611,0.31
5612,0.20139040404040393
5613,0.674
5614,0.57
5615,0.754
5616,0.5275
5617,0.4091666666666667
5618,0.6113333333333334
5619,0.803
5620,0.93
5621,0.883
5622,0.5288999999999999
5623,0.299
5624,0.493
5625,0.534
5626,0.352
5627,0.736
5628,0.585
5629,0.9105
5630,0.76
5631,0.78
5632,0.899
5633,0.847
5634,0.846
5635,0.8295
5636,0.771
5637,0.783
5638,0.882
5639,0.554
5640,0.48318333333333335
5641,0.64
5642,0.818
5643,0.542
5644,0.511
5645,0.886
5646,0.1994166666666667
5647,0.779
5648,0.838
5649,0.908
5650,0.689
5651,0.743
5652,0.788
5653,0.256
5654,0.424
5655,0.705
5656,0.403
5657,0.845
5658,0.616
5659,0.7456666666666666
5660,0.592
5661,0.831
5662,0.761
5663,0.5125
5664,0.6415
5665,0.04352142857142857
5666,0.9281500000000003
5667,0.731
5668,0.588
5669,0.7455
5670,0.878
5671,0.219
5672,0.6696666666666666
5673,0.779
5674,0.623
5675,0.62
5676,0.7461666666666666
5677,0.866
5678,0.7483333333333334
5679,0.766
5680,0.895
5681,0.7654999999999998
5682,0.837
5683,0.724
5684,0.575
5685,0.862
5686,0.15
5687,0.922
5688,0.871
5689,0.765
5690,0.323
5691,0.666
5692,0.633
5693,0.546
5694,0.863
5695,0.357
5696,0.861
5697,0.764
5698,0.607
5699,0.634
5700,0.859
5701,0.786
5702,0.9
5703,0.837
5704,0.868
5705,0.634
5706,0.7535
5707,0.542
5708,0.072
5709,0.789
5710,0.57675
5711,0.6483333333333332
5712,0.815
5713,0.53
5714,0.777
5715,0.7043976190476191
5716,0.888
5717,0.503
5718,0.646
5719,0.912
5720,0.427
5721,0.623
5722,0.84
5723,0.62
5724,0.875
5725,0.824
5726,0.718
5727,0.8099833333333334
5728,0.749
5729,0.3
5730,0.45815
5731,0.957
5732,0.865
5733,0.738
5734,0.8075
5735,0.756
5736,0.527
5737,0.435
5738,0.528
5739,0.4815
5740,0.886
5741,0.932
5742,0.128
5743,0.855
5744,0.788
5745,0.725
5746,0.535
5747,0.894
5748,0.5285
5749,0.7713333333333334
5750,0.748
5751,0.882
5752,0.22899999999999998
5753,0.824
5754,0.936
5755,0.786
5756,0.923
5757,0.301
5758,0.606
5759,0.2215
5760,0.652
5761,0.107
5762,0.46598809523809526
5763,0.7763333333333333
5764,0.854
5765,0.809
5766,0.407
5767,0.867
5768,0.6623333333333332
5769,0.859
5770,0.807
5771,0.802
5772,0.638
5773,0.6210476190476191
5774,0.602
5775,0.81
5776,0.793
5777,0.653
5778,0.865
5779,0.75
5780,0.82
5781,0.677
5782,0.35139285714285723
5783,0.6752666666666667
5784,0.92
5785,0.313
5786,0.735
5787,0.817
5788,0.58
5789,0.638
5790,0.4066666666666667
5791,0.809
5792,0.232
5793,0.894
5794,0.733
5795,0.865
5796,0.7876000000000001
5797,0.5007880952380954
5798,0.6895833333333333
5799,0.664
5800,0.5575
5801,0.494
5802,0.753
5803,0.97
5804,0.755
5805,0.676
5806,0.56
5807,0.708
5808,0.3588714285714285
5809,0.622
5810,0.6561666666666668
5811,0.298
5812,0.859
5813,0.6425166666666666
5814,0.5504
5815,0.6468452380952381
5816,0.473
5817,0.09741666666666667
5818,0.7258333333333333
5819,0.348
5820,0.726
5821,0.73
5822,0.4623333333333333
5823,0.6676666666666666
5824,0.859
5825,0.926
5826,0.835
5827,0.464
5828,0.722
5829,0.43975
5830,0.993
5831,0.7376666666666667
5832,0.80175
5833,0.18434999999999999
5834,0.831
5835,0.85
5836,0.952
5837,0.282
5838,0.797
5839,0.66
5840,0.776
5841,0.4424166666666667
5842,0.959
5843,0.918
5844,0.803
5845,0.5586666666666666
5846,0.447
5847,0.663
5848,0.71775
5849,0.927
5850,0.728
5851,0.898
5852,0.765
5853,0.5109833333333333
5854,0.04171212121212122
5855,0.472
5856,0.775
5857,0.77
5858,0.815
5859,0.917
5860,0.826
5861,0.861
5862,0.691
5863,0.748
5864,0.24
5865,0.493
5866,0.247
5867,0.683
5868,0.7546
5869,0.393
5870,0.838
5871,0.928
5872,0.611
5873,0.1761142607392608
5874,0.9281666666666666
5875,0.715
5876,0.912
5877,0.756
5878,0.375
5879,0.829
5880,0.513
5881,0.78
5882,0.633
5883,0.688
5884,0.8545
5885,0.8985
5886,0.6884
5887,0.656
5888,0.774
5889,0.8403333333333333
5890,0.594
5891,0.818
5892,0.755
5893,0.485
5894,0.6
5895,0.882
5896,0.844
5897,0.4604
5898,0.6045
5899,0.401
5900,0.8233
5901,0.6533833333333334
5902,0.559
5903,0.5744166666666668
5904,0.59875
5905,0.568
5906,0.4550833333333333
5907,0.812
5908,0.735
5909,0.5313333333333333
5910,0.736
5911,0.764
5912,0.41
5913,0.369
5914,0.822
5915,0.26957142857142863
5916,0.802
5917,0.778
5918,0.829
5919,0.823
5920,0.43966666666666665
5921,0.5503333333333333
5922,0.644
5923,0.5526666666666668
5924,0.1615
5925,0.888
5926,0.585
5927,0.778
5928,0.59375
5929,0.8
5930,0.105
5931,0.689
5932,0.806
5933,0.929
5934,0.57
5935,0.775
5936,0.763
5937,0.515
5938,0.842
5939,0.362
5940,0.927
5941,0.739
5942,0.893
5943,0.627
5944,0.7006666666666668
5945,0.61
5946,0.121
5947,0.732
5948,0.821
5949,0.533
5950,0.876
5951,0.73
5952,0.782
5953,0.686
5954,0.902
5955,0.823
5956,0.5901428571428571
5957,0.654
5958,0.8375
5959,0.722
5960,0.583
5961,0.843
5962,0.983
5963,0.688
5964,0.72765
5965,0.789
5966,0.676
5967,0.289
5968,0.773
5969,0.586
5970,0.952
5971,0.756
5972,0.845
5973,0.891
5974,0.927
5975,0.82
5976,0.689
5977,0.709
5978,0.519
5979,0.696
5980,0.30206666666666665
5981,0.693
5982,0.83
5983,0.578
5984,0.716
5985,0.876
5986,0.496
5987,0.823
5988,0.749
5989,0.843
5990,0.731
5991,0.715
5992,0.734
5993,0.3516952380952381
5994,0.7185
5995,0.815
5996,0.406
5997,0.7434
5998,0.796
5999,0.018650000000000003
6000,0.695
6001,0.799
6002,0.151
6003,0.702
6004,0.4048999999999999
6005,0.382
6006,0.747
6007,0.07769999999999996
6008,0.646
6009,0.707
6010,0.528836976911977
6011,0.799
6012,0.8
6013,0.47
6014,0.803
6015,0.88
6016,0.845
6017,0.666
6018,0.677
6019,0.872
6020,0.633
6021,0.863
6022,0.768
6023,0.5905833333333333
6024,0.711
6025,0.885
6026,0.891
6027,0.712
6028,0.947
6029,0.564
6030,0.951
6031,0.605
6032,0.58215
6033,0.452
6034,0.2015
6035,0.6449166666666668
6036,0.945
6037,0.769
6038,0.644
6039,0.717
6040,0.5415
6041,0.558
6042,0.08472619047619047
6043,0.18966666666666665
6044,0.187
6045,0.797
6046,0.549
6047,0.197
6048,0.745
6049,0.949
6050,0.785
6051,0.935
6052,0.6394869047619046
6053,0.597
6054,0.75
6055,0.47275
6056,0.8
6057,0.707
6058,0.616
6059,0.136
6060,0.624
6061,0.2663333333333333
6062,0.542
6063,0.5365
6064,0.34198333333333336
6065,0.769
6066,0.986
6067,0.515
6068,0.917
6069,0.036
6070,0.812
6071,0.925
6072,0.862
6073,0.933
6074,0.661
6075,0.778
6076,0.563
6077,0.884
6078,0.777
6079,0.311
6080,0.255
6081,0.761
6082,0.6116666666666667
6083,0.187
6084,0.725
6085,0.828
6086,0.673
6087,0.11975
6088,0.23966666666666667
6089,0.877
6090,0.7756000000000001
6091,0.599
6092,0.6377
6093,0.327
6094,0.526
6095,0.839
6096,0.696
6097,0.628
6098,0.863
6099,0.829
6100,0.723
6101,0.842
6102,0.6095
6103,0.785
6104,0.804
6105,0.299
6106,0.955
6107,0.826
6108,0.8616
6109,0.728
6110,0.926
6111,0.872
6112,0.927
6113,0.723
6114,0.483
6115,0.75
6116,0.672
6117,0.863
6118,0.7
6119,0.726
6120,0.7815
6121,0.913
6122,0.69
6123,0.913
6124,0.716
6125,0.732
6126,0.787
6127,0.2793
6128,0.795
6129,0.867
6130,0.496
6131,0.779
6132,0.085
6133,0.447
6134,0.67
6135,0.681
6136,0.303
6137,0.873
6138,0.6261666666666666
6139,0.5308333333333334
6140,0.457
6141,0.5933333333333334
6142,0.705
6143,0.805
6144,0.48466666666666663
6145,0.339
6146,0.493
6147,0.8216666666666668
6148,0.872
6149,0.9176666666666666
6150,0.738
6151,0.74
6152,0.532
6153,0.64
6154,0.638
6155,0.17645000000000002
6156,0.272
6157,0.78
6158,0.839
6159,0.683
6160,0.835
6161,0.92
6162,0.7356166666666667
6163,0.801
6164,0.6827666666666666
6165,0.8145
6166,0.47
6167,0.785
6168,0.8365833333333335
6169,0.504
6170,0.3890749999999999
6171,0.881
6172,0.619
6173,0.469
6174,0.951
6175,0.5675
6176,0.764
6177,0.73
6178,0.69
6179,0.364
6180,0.827
6181,0.858
6182,0.7037333333333333
6183,0.907
6184,0.297
6185,0.109
6186,0.551
6187,0.675
6188,0.797
6189,0.3269166666666667
6190,0.704
6191,0.778
6192,0.792
6193,0.7535833333333333
6194,0.89
6195,0.756
6196,0.613
6197,0.194
6198,0.8
6199,0.7320833333333334
6200,0.532
6201,0.741
6202,0.818
6203,0.499
6204,0.785
6205,0.3221666666666667
6206,0.775
6207,0.917
6208,0.907
6209,0.82
6210,0.675
6211,0.639
6212,0.2320166666666667
6213,0.659
6214,0.703
6215,0.888
6216,0.775
6217,0.287
6218,0.743
6219,0.66
6220,0.50975
6221,0.812
6222,0.834
6223,0.27
6224,0.9214166666666667
6225,0.8333333333333334
6226,0.4339166666666666
6227,0.876
6228,0.23108333333333334
6229,0.874
6230,0.473
6231,0.897
6232,0.615
6233,0.897
6234,0.872
6235,0.443
6236,0.717
6237,0.8
6238,0.386
6239,0.648
6240,0.894
6241,0.838
6242,0.35875
6243,0.841
6244,0.577
6245,0.846
6246,0.962
6247,0.961
6248,0.794
6249,0.683
6250,0.953
6251,0.583
6252,0.288
6253,0.839
6254,0.683
6255,0.664
6256,0.538
6257,0.606
6258,0.53075
6259,0.907
6260,0.4608333333333333
6261,0.7705
6262,0.298
6263,0.849
6264,0.729
6265,0.551
6266,0.658
6267,0.413
6268,0.4131666666666667
6269,0.628
6270,0.55125
6271,0.689
6272,0.881
6273,0.917
6274,0.902
6275,0.773
6276,0.4344166666666667
6277,0.9616666666666667
6278,0.798
6279,0.419
6280,0.14
6281,0.88
6282,0.873
6283,0.268
6284,0.531
6285,0.393327380952381
6286,0.787
6287,0.7745
6288,0.909
6289,0.855
6290,0.7566666666666667
6291,0.834
6292,0.362
6293,0.795
6294,0.791
6295,0.775
6296,0.73
6297,0.793
6298,0.833
6299,0.598
6300,0.762
6301,0.759
6302,0.906
6303,0.836
6304,0.6169
6305,0.608
6306,0.611
6307,0.634
6308,0.512
6309,0.778
6310,0.479
6311,0.679
6312,0.7705
6313,0.923
6314,0.54
6315,0.887
6316,0.511
6317,0.742
6318,0.611
6319,0.672
6320,0.503
6321,0.6601666666666668
6322,0.8804047619047619
6323,0.23145
6324,0.745
6325,0.58
6326,0.897
6327,0.8734166666666666
6328,0.7515
6329,0.8058833333333333
6330,0.755
6331,0.803
6332,0.764
6333,0.606
6334,0.82
6335,0.543
6336,0.876
6337,0.9345833333333333
6338,0.78
6339,0.582
6340,0.4161666666666667
6341,0.467
6342,0.22736666666666666
6343,0.2016690476190476
6344,0.209
6345,0.858
6346,0.302
6347,0.925
6348,0.865
6349,0.31125
6350,0.6785
6351,0.481
6352,0.165
6353,0.6516666666666667
6354,0.792
6355,0.652
6356,0.949
6357,0.8715
6358,0.7356
6359,0.779
6360,0.3865
6361,0.734
6362,0.734
6363,0.735
6364,0.3745333333333334
6365,0.868
6366,0.936
6367,0.792
6368,0.518
6369,0.588
6370,0.834
6371,0.834
6372,0.52
6373,0.39
6374,0.8283333333333334
6375,0.61
6376,0.219
6377,0.863
6378,0.5317142857142858
6379,0.772
6380,0.817
6381,0.6211666666666666
6382,0.752
6383,0.93
6384,0.792
6385,0.3421666666666666
6386,0.211
6387,0.66
6388,0.7638333333333333
6389,0.7
6390,0.085
6391,0.9353333333333332
6392,0.847
6393,0.715
6394,0.37426666666666664
6395,0.731
6396,0.585
6397,0.67
6398,0.60875
6399,0.44
6400,0.5075
6401,0.3465
6402,0.517
6403,0.843
6404,0.5995
6405,0.498
6406,0.482
6407,0.31066666666666665
6408,0.5838333333333334
6409,0.018
6410,0.471
6411,0.815
6412,0.829
6413,0.973
6414,0.293
6415,0.616
6416,0.711
6417,0.7594333333333334
6418,0.486
6419,0.564
6420,0.09425
6421,0.6268333333333334
6422,0.8
6423,0.862
6424,0.562
6425,0.7222500000000001
6426,0.293
6427,0.825
6428,0.833
6429,0.762
6430,0.765
6431,0.686
6432,0.22278333333333333
6433,0.8255
6434,0.7884547619047619
6435,0.365
6436,0.684
6437,0.73
6438,0.74
6439,0.924
6440,0.5436777777777777
6441,0.6974523809523808
6442,0.91525
6443,0.4440821428571429
6444,0.877
6445,0.867
6446,0.576
6447,0.612
6448,0.921
6449,0.765
6450,0.956
6451,0.832
6452,0.878
6453,0.861
6454,0.6303333333333333
6455,0.539
6456,0.883
6457,0.615
6458,0.647
6459,0.585
6460,0.551
6461,0.05333333333333334
6462,0.78
6463,0.768
6464,0.898
6465,0.926
6466,0.579
6467,0.732
6468,0.815
6469,0.8
6470,0.3594166666666666
6471,0.283
6472,0.497
6473,0.683
6474,0.628
6475,0.428
6476,0.592
6477,0.4596392857142857
6478,0.827
6479,0.2175
6480,0.805
6481,0.5197666666666666
6482,0.428
6483,0.831
6484,0.461
6485,0.7936666666666667
6486,0.492
6487,0.642
6488,0.6856666666666666
6489,0.651
6490,0.756
6491,0.721
6492,0.79
6493,0.692
6494,0.43
6495,0.798
6496,0.574
6497,0.728
6498,0.07503571428571428
6499,0.736
6500,0.725
6501,0.39705952380952375
6502,0.439
6503,0.918
6504,0.74
6505,0.626
6506,0.822
6507,0.85
6508,0.5290666666666667
6509,0.55
6510,0.554
6511,0.5975
6512,0.752
6513,0.728
6514,0.892
6515,0.758
6516,0.5785
6517,0.848
6518,0.637
6519,0.778
6520,0.6936666666666668
6521,0.27
6522,0.475
6523,0.12987619047619045
6524,0.73
6525,0.708
6526,0.81
6527,0.767
6528,0.49237619047619047
6529,0.9
6530,0.544
6531,0.635
6532,0.29304761904761906
6533,0.746
6534,0.824
6535,0.799
6536,0.739
6537,0.317
6538,0.426
6539,0.865
6540,0.4430833333333334
6541,0.559
6542,0.873
6543,0.6
6544,0.7214999999999999
6545,0.538
6546,0.757
6547,0.723404761904762
6548,0.525
6549,0.47335833333333327
6550,0.786
6551,0.4265
6552,0.773
6553,0.726
6554,0.666
6555,0.821
6556,0.255
6557,0.26833333333333337
6558,0.752
6559,0.834
6560,0.426
6561,0.426
6562,0.749
6563,0.702
6564,0.737
6565,0.9825833333333333
6566,0.785
6567,0.459
6568,0.37
6569,0.884
6570,0.877
6571,0.791
6572,0.69
6573,0.778
6574,0.971
6575,0.799
6576,0.617
6577,0.331
6578,0.374
6579,0.723
6580,0.771
6581,0.3275138888888889
6582,0.5787333333333333
6583,0.813
6584,0.821
6585,0.606
6586,0.558
6587,0.858
6588,0.4035
6589,0.795
6590,0.48075
6591,0.136
6592,0.734
6593,0.892
6594,0.499
6595,0.914
6596,0.74775
6597,0.601
6598,0.829
6599,0.506
6600,0.7465666666666666
6601,0.885
6602,0.926
6603,0.951
6604,0.563
6605,0.216
6606,0.862
6607,0.4696833333333334
6608,0.24725
6609,0.783
6610,0.691
6611,0.834
6612,0.598
6613,0.82
6614,0.795
6615,0.2937833333333333
6616,0.379
6617,0.865
6618,0.649
6619,0.16733333333333333
6620,0.883
6621,0.8779285714285713
6622,0.841
6623,0.495
6624,0.357
6625,0.627
6626,0.872
6627,0.289
6628,0.165
6629,0.754
6630,0.331
6631,0.822
6632,0.835
6633,0.716
6634,0.8773333333333334
6635,0.729
6636,0.331
6637,0.287
6638,0.30666666666666664
6639,0.846
6640,0.871
6641,0.9138333333333333
6642,0.848
6643,0.5023333333333334
6644,0.928
6645,0.743
6646,0.436
6647,0.6525
6648,0.823
6649,0.634
6650,0.32
6651,0.12865000000000001
6652,0.32232142857142854
6653,0.093
6654,0.57175
6655,0.824
6656,0.941
6657,0.043
6658,0.884
6659,0.781
6660,0.856
6661,0.475
6662,0.909
6663,0.6309999999999999
6664,0.5255500000000001
6665,0.883
6666,0.749
6667,0.787
6668,0.45566666666666666
6669,0.856
6670,0.584
6671,0.13847619047619047
6672,0.8563333333333334
6673,0.5035
6674,0.851
6675,0.6366666666666666
6676,0.05208308080808081
6677,0.407
6678,0.883
6679,0.508
6680,0.8043333333333332
6681,0.854
6682,0.536
6683,0.657
6684,0.744
6685,0.661
6686,0.903
6687,0.571
6688,0.31838333333333335
6689,0.732
6690,0.897
6691,0.701
6692,0.079
6693,0.6282214285714284
6694,0.37
6695,0.44
6696,0.5
6697,0.372
6698,0.843
6699,0.57625
6700,0.9054
6701,0.747
6702,0.909
6703,0.529
6704,0.763
6705,0.759
6706,0.65
6707,0.052
6708,0.741
6709,0.451
6710,0.2848333333333333
6711,0.14866666666666667
6712,0.3840333333333334
6713,0.631
6714,0.559
6715,0.66
6716,0.468
6717,0.5493555555555556
6718,0.666
6719,0.7767999999999999
6720,0.25475
6721,0.517
6722,0.921
6723,0.967
6724,0.77
6725,0.65
6726,0.873
6727,0.694
6728,0.742
6729,0.665
6730,0.611
6731,0.891
6732,0.853
6733,0.38166666666666665
6734,0.789
6735,0.6574313075813067
6736,0.934
6737,0.796
6738,0.53
6739,0.752
6740,0.458
6741,0.914
6742,0.785
6743,0.6833642857142858
6744,0.50225
6745,0.775
6746,0.748
6747,0.6444
6748,0.40354999999999996
6749,0.30733333333333335
6750,0.801
6751,0.855
6752,0.834
6753,0.4328333333333333
6754,0.476
6755,0.786
6756,0.831
6757,0.8998333333333334
6758,0.197125
6759,0.064
6760,0.819
6761,0.3401666666666666
6762,0.772
6763,0.733
6764,0.607
6765,0.893
6766,0.853
6767,0.5900833333333334
6768,0.593
6769,0.55
6770,0.633
6771,0.688
6772,0.3511666666666667
6773,0.547
6774,0.7006333333333333
6775,0.5604166666666666
6776,0.3215
6777,0.4503333333333333
6778,0.795
6779,0.647
6780,0.89
6781,0.947
6782,0.5466404761904761
6783,0.14901666666666666
6784,0.445
6785,0.86
6786,0.817
6787,0.3853333333333333
6788,0.942
6789,0.8716666666666666
6790,0.65
6791,0.211
6792,0.497
6793,0.636
6794,0.716
6795,0.6508333333333333
6796,0.239
6797,0.422
6798,0.939
6799,0.743
6800,0.611
6801,0.7001333333333333
6802,0.861
6803,0.314
6804,0.6111
6805,0.888
6806,0.747
6807,0.926
6808,0.783
6809,0.53
6810,0.858
6811,0.904
6812,0.7094999999999999
6813,0.624
6814,0.65
6815,0.93
6816,0.735
6817,0.019642857142857142
6818,0.368
6819,0.9
6820,0.625
6821,0.517
6822,0.811
6823,0.265
6824,0.221
6825,0.78
6826,0.5086666666666666
6827,0.155
6828,0.7045
6829,0.956
6830,0.857
6831,0.49
6832,0.944
6833,0.8021666666666667
6834,0.7576666666666667
6835,0.5603333333333332
6836,0.769
6837,0.844
6838,0.689
6839,0.686
6840,0.784
6841,0.5835
6842,0.5890214285714285
6843,0.155
6844,0.93
6845,0.863
6846,0.508
6847,0.42076666666666673
6848,0.606
6849,0.883
6850,0.0295
6851,0.791
6852,0.645
6853,0.54325
6854,0.793
6855,0.48993333333333333
6856,0.72
6857,0.32908333333333334
6858,0.665
6859,0.841
6860,0.957
6861,0.49453214285714286
6862,0.881
6863,0.447
6864,0.747
6865,0.392
6866,0.1567
6867,0.806
6868,0.338
6869,0.37
6870,0.892
6871,0.25109166666666666
6872,0.56
6873,0.89
6874,0.378
6875,0.44
6876,0.819
6877,0.596
6878,0.5503333333333332
6879,0.405
6880,0.861
6881,0.671
6882,0.450125
6883,0.791
6884,0.52
6885,0.2751666666666666
6886,0.729
6887,0.68
6888,0.135
6889,0.282
6890,0.527
6891,0.493
6892,0.845
6893,0.753
6894,0.22116666666666668
6895,0.715
6896,0.70875
6897,0.323
6898,0.893
6899,0.224
6900,0.78975
6901,0.255
6902,0.878
6903,0.939
6904,0.692
6905,0.438
6906,0.898
6907,0.6675
6908,0.7120000000000001
6909,0.7195
6910,0.7964166666666668
6911,0.6996666666666668
6912,0.608
6913,0.388
6914,0.6707833333333333
6915,0.866
6916,0.6231666666666666
6917,0.776
6918,0.7865
6919,0.558
6920,0.78
6921,0.858
6922,0.723
6923,0.801
6924,0.33631666666666665
6925,0.742
6926,0.709
6927,0.581
6928,0.499
6929,0.946
6930,0.927
6931,0.509
6932,0.946
6933,0.695
6934,0.873
6935,0.936
6936,0.6149999999999999
6937,0.781
6938,0.545
6939,0.934
6940,0.617
6941,0.5622
6942,0.865
6943,0.799
6944,0.787
6945,0.771
6946,0.727
6947,0.76
6948,0.764
6949,0.842
6950,0.551
6951,0.861
6952,0.598
6953,0.352
6954,0.909
6955,0.269
6956,0.8257166666666667
6957,0.01
6958,0.871
6959,0.656
6960,0.508
6961,0.75
6962,0.6852333333333332
6963,0.013
6964,0.613
6965,0.847
6966,0.8286666666666668
6967,0.845
6968,0.669
6969,0.41575
6970,0.807
6971,0.549
6972,0.729
6973,0.53025
6974,0.8251000000000003
6975,0.694
6976,0.779
6977,0.73
6978,0.6187999999999999
6979,0.713
6980,0.702
6981,0.8543333333333334
6982,0.725
6983,0.749
6984,0.689
6985,0.813
6986,0.831
6987,0.823
6988,0.862
6989,0.869
6990,0.856
6991,0.743
6992,0.616
6993,0.892
6994,0.925
6995,0.154
6996,0.429
6997,0.804
6998,0.443
6999,0.582
7000,0.651
7001,0.6141166666666666
7002,0.718
7003,0.571
7004,0.911
7005,0.7403
7006,0.062
7007,0.843
7008,0.445
7009,0.87
7010,0.711
7011,0.411
7012,0.39943333333333336
7013,0.837
7014,0.592
7015,0.776
7016,0.668
7017,0.458
7018,0.845
7019,0.659
7020,0.613
7021,0.712
7022,0.734
7023,0.18591666666666667
7024,0.7733333333333333
7025,0.831
7026,0.5646666666666668
7027,0.521
7028,0.873
7029,0.665
7030,0.821
7031,0.779
7032,0.8959166666666666
7033,0.847
7034,0.795
7035,0.848
7036,0.756
7037,0.4275
7038,0.814
7039,0.5938333333333332
7040,0.551
7041,0.51
7042,0.331
7043,0.766
7044,0.7963333333333333
7045,0.789
7046,0.889
7047,0.632
7048,0.783
7049,0.94
7050,0.417
7051,0.769
7052,0.704
7053,0.576
7054,0.83
7055,0.849
7056,0.778
7057,0.403
7058,0.6826666666666666
7059,0.416
7060,0.841
7061,0.653
7062,0.771
7063,0.9125
7064,0.6255
7065,0.837
7066,0.565
7067,0.31048333333333333
7068,0.568
7069,0.743
7070,0.599
7071,0.781
7072,0.643
7073,0.3621666666666667
7074,0.3595
7075,0.726
7076,0.877
7077,0.691
7078,0.506
7079,0.806
7080,0.857
7081,0.932
7082,0.374
7083,0.896
7084,0.811
7085,0.825
7086,0.909
7087,0.843
7088,0.874
7089,0.881
7090,0.784
7091,0.657
7092,0.754
7093,0.861
7094,0.879
7095,0.66
7096,0.685
7097,0.5325
7098,0.873
7099,0.501
7100,0.855
7101,0.799
7102,0.639
7103,0.248
7104,0.72
7105,0.931
7106,0.863
7107,0.955
7108,0.361
7109,0.806
7110,0.775
7111,0.516
7112,0.61
7113,0.77
7114,0.786
7115,0.65
7116,0.08
7117,0.31
7118,0.883
7119,0.728
7120,0.748
7121,0.47115000000000007
7122,0.568
7123,0.37
7124,0.639
7125,0.1704166666666667
7126,0.579
7127,0.929
7128,0.854
7129,0.21083333333333337
7130,0.62
7131,0.693
7132,0.951
7133,0.702
7134,0.832
7135,0.652
7136,0.759
7137,0.821
7138,0.801
7139,0.3855
7140,0.726
7141,0.923
7142,0.8129
7143,0.859
7144,0.49533333333333335
7145,0.755
